name,reclat,reclong,mass (g),year,family
Northwest Africa 5702,0.0,0.0,380.0,2008.0,Chondrite — Ordinary
Lewis Cliff 88548,-84.25006,161.39479,13.8,1988.0,Chondrite — Ordinary
Pecora Escarpment 91460,-85.68203,-68.17912,10.7,1991.0,Chondrite — Ordinary
Dar al Gani 795,26.98717,16.43733,27.8,2000.0,Chondrite — Ordinary
Grove Mountains 022459,-72.77389,75.32694,1.1,2003.0,Chondrite — Carbonaceous
Dhofar 541,18.33433,54.18067,1233.3,2000.0,Chondrite — Ordinary
Elephant Moraine 96194,-76.18333,157.16667,1.1,1996.0,Chondrite — Ordinary
Yamato 793259,-71.5,35.66667,8.01,1979.0,Chondrite — Ordinary
Northwest Africa 7079,0.0,0.0,134.0,2011.0,Chondrite — Ordinary
Yamato 983235,0.0,0.0,3.5,1998.0,Chondrite — Rumuruti (R)
Elephant Moraine 90692,-76.26696,156.4529,13.6,1990.0,Chondrite — Ordinary
Queen Alexandra Range 97196,-84.0,168.0,4.0,1997.0,Chondrite — Ordinary
Dar al Gani 991,27.33067,16.2805,236.0,2002.0,Chondrite — Ordinary
Mundrabilla 008,-30.8,127.61667,57.1,1982.0,Chondrite — Ordinary
Elephant Moraine 87691,-76.28074,156.44104,39.2,1987.0,Chondrite — Ordinary
Yamato 983182,0.0,0.0,20.72,1998.0,Chondrite — Ordinary
Hammadah al Hamra 276,28.4415,12.88467,246.0,2000.0,Chondrite — Ordinary
Kivesvaara,64.45,27.56667,164.0,1968.0,Chondrite — Carbonaceous
Acfer 237,27.49167,3.83278,673.0,1991.0,Chondrite — Ordinary
Dhofar 1043,18.91903,54.71077,205.0,2000.0,Chondrite — Ordinary
Grove Mountains 050031,-73.103889,75.17,31.59,2006.0,Chondrite — Ordinary
Pecora Escarpment 91113,-85.63333,-68.7,22.2,1991.0,Chondrite — Ordinary
Dar al Gani 505,27.27183,16.0535,240.0,1997.0,Chondrite — Ordinary
Grove Mountains 052725,-72.784722,75.289167,2.25,2006.0,Chondrite — Ordinary
Lewis Cliff 85460,-84.26992,161.41717,5.5,1985.0,Chondrite — Ordinary
Yamato 793555,-71.5,35.66667,2.62,1979.0,Chondrite — Ordinary
Allan Hills A78255,-76.71667,159.66667,3.2,1978.0,Chondrite — Ordinary
Sleeper Camp 021,-30.11833,126.24767,25.6,1993.0,Chondrite — Ordinary
Asuka 87281,-72.0,26.0,34.68,1987.0,Chondrite — Ordinary
Acfer 394,27.51867,3.88033,364.0,2001.0,Chondrite — Carbonaceous
Yamato 86563,-71.5,35.66667,1.21,1986.0,Chondrite — Ordinary
Rolla (d),37.08333,-101.6,50.0,1942.0,Chondrite — Ordinary
Meteorite Hills 01178,-79.68333,159.75,11.9,2001.0,Chondrite — Ordinary
Dimitrovgrad,43.04639,22.86389,100000.0,1949.0,Iron meteorite
Frontier Mountain 97036,-72.98944,160.4125,1.0,1997.0,Chondrite — Ordinary
Meteorite Hills 00755,-79.68333,155.75,4.09,2000.0,Chondrite — Ordinary
Meteorite Hills 01060,-79.68333,159.75,351.4,2001.0,Chondrite — Ordinary
Graves Nunataks 98050,-86.71667,-141.5,337.4,1998.0,Chondrite — Ordinary
Yamato 793226,-71.5,35.66667,19.6,1979.0,Chondrite — Ordinary
Yamato 791527,-71.5,35.66667,4.14,1979.0,Chondrite — Ordinary
Pecora Escarpment 91140,-85.67698,-69.0521,20.3,1991.0,Chondrite — Ordinary
Yamato 981455,0.0,0.0,7.25,1998.0,Chondrite — Ordinary
Yamato 74248,-71.5,35.66667,7.82,1974.0,Chondrite — Ordinary
Asuka 881479,-72.0,26.0,108.39,1988.0,Chondrite — Ordinary
Grove Mountains 021643,-72.77278,75.34556,12.81,2003.0,Chondrite — Ordinary
Queen Alexandra Range 94499,-84.0,168.0,1.4,1994.0,Chondrite — Ordinary
Grove Mountains 020036,-73.09889,75.175,1.1,2002.0,Chondrite — Ordinary
Yamato 790857,-71.5,35.66667,4.83,1979.0,Chondrite — Ordinary
Grove Mountains 020143,-72.97694,75.25694,2.28,2003.0,Chondrite — Ordinary
Buffalo Gap,32.24611,-99.99306,9300.0,2003.0,Iron meteorite
Yamato 74355,-71.75694,35.78056,82.9,1974.0,Chondrite — Ordinary
Yamato 82145,-71.5,35.66667,26.45,1982.0,Chondrite — Ordinary
Yamato 981266,0.0,0.0,11.8,1998.0,Chondrite — Carbonaceous
Lewis Cliff 85307,-84.27899,161.40634,1.7,1985.0,Chondrite — Carbonaceous
Northwest Africa 5469,0.0,0.0,958.0,2008.0,Chondrite — Rumuruti (R)
MacAlpine Hills 02533,-84.21667,160.5,0.6,2002.0,Chondrite — Ordinary
Queen Alexandra Range 97179,-84.0,168.0,13.7,1997.0,Chondrite — Ordinary
Miller Range 07355,0.0,0.0,9.6,2007.0,Chondrite — Ordinary
Portales (c),34.1,-103.41667,6000.0,1967.0,Chondrite — Ordinary
Jiddat al Harasis 214,19.96597,56.44698,459.06,2005.0,Chondrite — Ordinary
Acfer 333,27.56667,4.06667,489.0,2001.0,Chondrite — Carbonaceous
Elephant Moraine 96265,-76.18333,157.16667,1.0,1996.0,Chondrite — Ordinary
Lewis Cliff 85342,-84.27738,161.37745,6.9,1985.0,Chondrite — Ordinary
Queen Alexandra Range 99089,-84.0,168.0,584.6,1999.0,Chondrite — Ordinary
Sleeper Camp 020,-30.1135,126.25117,18.6,1993.0,Chondrite — Ordinary
Elephant Moraine 90756,-76.28217,156.46237,11.8,1990.0,Chondrite — Ordinary
Yamato 791245,-71.5,35.66667,7.54,1979.0,Chondrite — Ordinary
Queen Alexandra Range 93586,-84.0,168.0,2.1,1993.0,Stony-iron
Queen Alexandra Range 94653,-84.0,168.0,14.7,1994.0,Chondrite — Ordinary
Elephant Moraine A79002,-76.33,157.24278,2843.0,1979.0,Achondrite — HED
Meteorite Hills 00704,-79.68333,159.75,5.3,2000.0,Chondrite — Ordinary
Johannessen Nunataks 03008,-72.89964,161.12836,365.3,2003.0,Chondrite — Ordinary
Queen Alexandra Range 97801,-84.0,168.0,35.7,1997.0,Chondrite — Ordinary
Vyatka,57.53333,49.0,45000.0,1991.0,Chondrite — Ordinary
Yamato 790098,-71.5,35.66667,2.26,1979.0,Chondrite — Ordinary
Allan Hills A78185,-76.71667,159.66667,5.77,1977.0,Chondrite — Ordinary
Cotopaxi,38.46483,-105.7015,243.0,2000.0,Iron meteorite
Yamato 75177,-71.5,35.66667,3.66,1975.0,Chondrite — Ordinary
Harrisonville,38.65,-94.33333,46500.0,1933.0,Chondrite — Ordinary
Asuka 87177,-72.0,26.0,32.69,1987.0,Chondrite — Ordinary
Alvord,43.32222,-96.28889,17500.0,1976.0,Iron meteorite
Lewis Cliff 88214,-84.25054,161.38681,76.5,1988.0,Chondrite — Ordinary
Northwest Africa 3310,0.0,0.0,679.0,2006.0,Achondrite — HED
Yamato 983832,0.0,0.0,29.95,1998.0,Chondrite — Ordinary
Lewis Cliff 88062,-84.24719,161.47906,8.9,1988.0,Chondrite — Ordinary
Acfer 012,27.8,4.16667,98.0,1989.0,Chondrite — Ordinary
Yamato 790078,-71.5,35.66667,5.9,1979.0,Chondrite — Ordinary
Dhofar 1156,18.751639,54.352361,108.0,2005.0,Chondrite — Ordinary
Elephant Moraine 87828,-76.28391,156.45395,14.8,1987.0,Chondrite — Ordinary
Grove Mountains 052405,-72.78389,75.27167,1.54,2006.0,Chondrite — Ordinary
Yamato 793489,-71.5,35.66667,4.2,1979.0,Chondrite — Ordinary
Asuka 87300,-72.0,26.0,27.87,1987.0,Chondrite — Ordinary
Northwest Africa 023,29.91667,-5.58333,76.0,1999.0,Chondrite — Ordinary
Northwest Africa 5127,0.0,0.0,15.0,2001.0,Chondrite — Ordinary
Grosvenor Mountains 95607,-85.66667,175.0,71.4,1995.0,Chondrite — Ordinary
Queen Alexandra Range 97304,-84.0,168.0,18.8,1997.0,Chondrite — Ordinary
Dar al Gani 074,27.16033,16.03533,86.0,1995.0,Chondrite — Ordinary
Thiel Mountains 91721,-85.16349,-94.60018,233.6,1991.0,Chondrite — Ordinary
Sayh al Uhaymir 475,20.16558,56.62803,32.101,2002.0,Chondrite — Ordinary
Lewis Cliff 88151,-84.24608,161.40195,5.9,1988.0,Chondrite — Ordinary
Merceditas,-26.33333,-70.28333,42900.0,1884.0,Iron meteorite
Yamato 982157,0.0,0.0,4.89,1998.0,Chondrite — Ordinary
Dhofar 385,19.11203,54.8059,480.0,2001.0,Chondrite — Ordinary
Mount Prestrud 95403,-86.56667,-165.11667,199.1,1995.0,Chondrite — Ordinary
Jiddat al Harasis 424,19.92282,56.35117,160.32,2007.0,Achondrite — Primitive/Other
Northwest Africa 799,0.0,0.0,1850.0,2001.0,Chondrite — Ordinary
Dhofar 1754,19.393,54.55417,580.0,2001.0,Achondrite — HED
Yamato 983588,0.0,0.0,13.88,1998.0,Chondrite — Ordinary
Lewis Cliff 85326,-84.28464,161.37553,224.7,1985.0,Chondrite — Ordinary
Yamato 86740,-71.5,35.66667,1.94,1986.0,Chondrite — Ordinary
Yamato 74639,-71.5,35.66667,89.5,1974.0,Chondrite — Ordinary
Ramlat as Sahmah 392,20.14502,55.70945,0.4,2010.0,Chondrite — Ordinary
Queen Alexandra Range 94317,-84.0,168.0,1.2,1994.0,Chondrite — Ordinary
Tanezrouft 029,25.54111,0.49667,36.0,1991.0,Chondrite — Ordinary
Yamato 790828,-71.5,35.66667,8.84,1979.0,Chondrite — Ordinary
Dhofar 1463,18.45278,54.16155,23.6,2008.0,Chondrite — Ordinary
Dominion Range 08493,0.0,0.0,22.8,2008.0,Chondrite — Ordinary
Lewis Cliff 86155,-84.2568,161.40239,18.3,1986.0,Chondrite — Ordinary
Grove Mountains 054473,-72.91611,75.10028,60.88,2006.0,Chondrite — Ordinary
Lewis Cliff 86336,-84.27384,161.68604,8.3,1986.0,Chondrite — Ordinary
Acfer 185,27.53333,3.83333,109.0,1990.0,Chondrite — Ordinary
Queen Alexandra Range 94664,-84.0,168.0,10.7,1994.0,Chondrite — Ordinary
Yamato 81090,-71.5,35.66667,2.46,1981.0,Chondrite — Ordinary
Larkman Nunatak 06281,0.0,0.0,762.4,2006.0,Chondrite — Ordinary
Queen Alexandra Range 93181,-84.57601,162.5627,1.3,1993.0,Chondrite — Ordinary
Elephant Moraine 96090,-76.18333,157.16667,40.0,1996.0,Chondrite — Ordinary
Acfer 350,27.672,4.52633,128.0,2001.0,Chondrite — Ordinary
Queen Alexandra Range 99054,-84.0,168.0,6.3,1999.0,Chondrite — Ordinary
Talpa,31.86667,-99.58333,13000.0,1963.0,Chondrite — Ordinary
Allan Hills 84074,-77.02126,156.98388,757.5,1984.0,Chondrite — Ordinary
Northwest Africa 6675,0.0,0.0,510.0,2010.0,Achondrite — Primitive/Other
Dhofar 128,19.285,54.71067,30.0,2000.0,Chondrite — Ordinary
Yamato 791319,-71.5,35.66667,137.4,1979.0,Chondrite — Ordinary
Grove Mountains 050028,-72.99556,75.19472,8.91,2006.0,Chondrite — Ordinary
Queen Alexandra Range 94488,-84.0,168.0,11.5,1994.0,Chondrite — Ordinary
Meteorite Hills 00568,-79.68333,155.75,63.34,2000.0,Chondrite — Ordinary
Yamato 74308,-71.5,35.66667,3.01,1974.0,Chondrite — Ordinary
Roundup,46.78333,-108.56667,17590.0,1990.0,Iron meteorite
Miller Range 07701,0.0,0.0,5.7,2007.0,Chondrite — Carbonaceous
Yamato 790790,-71.5,35.66667,42.75,1979.0,Chondrite — Ordinary
Miller Range 99314,-83.25,157.0,150.7,1999.0,Chondrite — Ordinary
Asuka 881123,-72.0,26.0,30.23,1988.0,Chondrite — Ordinary
Thumrayt 002,17.9695,54.06633,3072.0,2007.0,Chondrite — Ordinary
Bir Zar 001,31.481,9.84069,627.0,2008.0,Chondrite — Ordinary
Elephant Moraine 87719,-76.26647,156.49436,65.7,1987.0,Chondrite — Ordinary
Elephant Moraine 96325,-76.18333,157.16667,2.1,1996.0,Chondrite — Ordinary
Yamato 981927,0.0,0.0,4.86,1998.0,Chondrite — Ordinary
Frontier Mountain 01052,-72.98944,160.40694,14.6,2001.0,Chondrite — Ordinary
Lewis Cliff 85399,-84.26917,161.39696,8.2,1985.0,Chondrite — Ordinary
Grosvenor Mountains 95538,-85.66667,175.0,353.3,1995.0,Chondrite — Ordinary
Meteorite Hills 01044,-79.68333,159.75,127.9,2001.0,Chondrite — Ordinary
Allan Hills A77254,-76.71667,159.66667,245.8,1977.0,Chondrite — Ordinary
Tokio (a),33.21667,-102.63167,6600.0,1974.0,Chondrite — Ordinary
Northwest Africa 6617,0.0,0.0,71.0,2009.0,Chondrite — Ordinary
Ramlat as Sahmah 331,20.0915,56.3575,360.0,2004.0,Chondrite — Ordinary
Yamato 983539,0.0,0.0,3.25,1998.0,Chondrite — Ordinary
Asuka 882102,-72.0,26.0,992.45,1988.0,Chondrite — Ordinary
Pampa del Infierno,-26.68333,-61.08333,896.0,1895.0,Chondrite — Ordinary
David Glacier 92300,-75.31667,162.0,26.7,1992.0,Chondrite — Carbonaceous
Yamato 982859,0.0,0.0,520.0,1998.0,Chondrite — Ordinary
Queen Alexandra Range 93644,-84.0,168.0,3.6,1993.0,Chondrite — Ordinary
Acfer 269,27.51472,3.86556,276.0,1991.0,Chondrite — Ordinary
Yamato 792573,-71.5,35.66667,6.49,1979.0,Chondrite — Ordinary
Yamato 86332,-71.5,35.66667,4.74,1986.0,Chondrite — Ordinary
Asuka 87210,-72.0,26.0,43.16,1987.0,Chondrite — Ordinary
Yamato 86161,-71.5,35.66667,0.91,1986.0,Chondrite — Ordinary
Larkman Nunatak 06821,0.0,0.0,66.9,2006.0,Chondrite — Ordinary
Yamato 86280,-71.5,35.66667,26.46,1986.0,Chondrite — Ordinary
Frontier Mountain 03079,-72.95414,160.44164,19.1,2003.0,Chondrite — Ordinary
Grove Mountains 020571,-72.98417,75.24694,50.07,2003.0,Chondrite — Ordinary
Grove Mountains 021878,-72.777778,75.328333,1.3,2003.0,Chondrite — Ordinary
Frontier Mountain 95024,-72.9525,160.50833,6.3,1995.0,Chondrite — Ordinary
Frontier Mountain 03046,-72.95217,160.5225,11.55,2003.0,Chondrite — Ordinary
Grove Mountains 090994,-72.98489,75.24867,369.1,2010.0,Stony-iron
Sayh al Uhaymir 187,20.56945,57.32167,4211.0,2002.0,Chondrite — Ordinary
Pima County,32.2,-111.0,210.0,1947.0,Iron meteorite
Asuka 880673,-72.0,26.0,18.0,1988.0,Chondrite — Ordinary
Allan Hills A77036,-76.71667,159.66667,8.5,1977.0,Chondrite — Ordinary
Miller Range 090161,0.0,0.0,1.3,2009.0,Chondrite — Ordinary
Grosvenor Mountains 95668,-85.66667,175.0,72.3,1995.0,Chondrite — Ordinary
Dar al Gani 337,27.182,16.15017,142.0,1997.0,Chondrite — Ordinary
Meteorite Hills 00441,-79.68333,155.75,1299.6,2000.0,Chondrite — Ordinary
Northwest Africa 6094,0.0,0.0,160.0,2007.0,Chondrite — Ordinary
Elephant Moraine 90351,-76.27752,156.37694,105.8,1990.0,Chondrite — Ordinary
Elephant Moraine 90416,-76.28057,156.43334,5.3,1990.0,Chondrite — Ordinary
Dhofar 1460,19.0182,54.3723,40.5,2008.0,Chondrite — Ordinary
Cole Creek,41.35,-99.11667,16300.0,1991.0,Chondrite — Ordinary
Reckling Peak A80233,-76.22172,158.68468,413.5,1980.0,Chondrite — Ordinary
Yamato 74568,0.0,35.66667,4.12,1974.0,Chondrite — Ordinary
Queen Alexandra Range 97223,-84.0,168.0,4.6,1997.0,Chondrite — Ordinary
Yamato 982016,0.0,0.0,4.52,1998.0,Chondrite — Ordinary
Queen Alexandra Range 99485,-84.0,168.0,0.7,1999.0,Chondrite — Ordinary
Meteorite Hills 01285,-79.68333,159.75,53.4,2001.0,Chondrite — Ordinary
Allan Hills A78187,-76.71667,159.66667,3.67,1977.0,Chondrite — Ordinary
Sayh al Uhaymir 045,21.04361,57.0175,306.9,2000.0,Chondrite — Ordinary
Lewis Cliff 88239,-84.23746,161.49297,5.3,1988.0,Chondrite — Ordinary
Yamato 75258,-71.5,35.66667,971.0,1975.0,Chondrite — Ordinary
Northwest Africa 3319,0.0,0.0,221.3,2005.0,Chondrite — Ordinary
Northwest Africa 7746,0.0,0.0,15.0,2012.0,Chondrite — Ordinary
Pecora Escarpment 91434,-85.69088,-68.52405,3.4,1991.0,Chondrite — Ordinary
Lewis Cliff 88628,-84.25168,161.40899,6.8,1988.0,Chondrite — Ordinary
Dar al Gani 613,27.039,16.26117,566.0,1998.0,Chondrite — Ordinary
Jiddat al Harasis 456,19.7378,56.32143,264.74,2007.0,Chondrite — Ordinary
Sand Creek,39.43,-99.995,2443.0,1986.0,Chondrite — Ordinary
Yamato 791851,-71.5,35.66667,13.86,1979.0,Chondrite — Ordinary
Dar al Gani 625,27.35517,16.2035,502.0,1998.0,Chondrite — Ordinary
Sayh al Uhaymir 318,20.99833,57.31167,70.0,2004.0,Chondrite — Ordinary
Dhofar 786,19.06693,54.51932,36.33,2001.0,Chondrite — Ordinary
San Juan 054,-25.44067,-69.86367,238.0,2010.0,Chondrite — Ordinary
Northwest Africa 7734,0.0,0.0,1900.0,2012.0,Chondrite — Ordinary
Grove Mountains 99017,-73.08333,75.2,5.51,2000.0,Chondrite — Ordinary
Yamato 791747,-71.5,35.66667,5.84,1979.0,Chondrite — Carbonaceous
Northwest Africa 460,31.36817,-4.01683,655.0,2001.0,Chondrite — Ordinary
Allan Hills 85126,-76.86039,156.50627,46.5,1985.0,Chondrite — Ordinary
Siwa,28.5,25.5,36.0,1994.0,Chondrite — Ordinary
Yamato 981420,0.0,0.0,25.49,1998.0,Chondrite — Ordinary
Northwest Africa 7236,0.0,0.0,505.0,2011.0,Chondrite — Ordinary
Queen Alexandra Range 97276,-84.0,168.0,9.3,1997.0,Chondrite — Ordinary
Beeler,38.53333,-100.21667,11620.0,1924.0,Chondrite — Ordinary
Elephant Moraine 92110,-76.06102,156.08084,56.3,1992.0,Chondrite — Ordinary
Miller Range 07465,0.0,0.0,17.8,2007.0,Chondrite — Ordinary
Elephant Moraine 96110,-76.18333,157.16667,2.2,1996.0,Chondrite — Ordinary
Allan Hills A81190,-76.70333,159.39667,48.3,1981.0,Chondrite — Ordinary
Lewis Cliff 88486,-84.24922,161.37585,11.1,1988.0,Chondrite — Ordinary
Dominion Range 08131,0.0,0.0,9.5,2008.0,Chondrite — Ordinary
Iron Creek,53.0,-112.0,175000.0,1869.0,Iron meteorite
Miller Range 07257,0.0,0.0,4.2,2007.0,Chondrite — Ordinary
Hammadah al Hamra 062,28.76467,12.34367,163.0,1994.0,Chondrite — Ordinary
Allan Hills 84057,-76.83592,158.25518,368.2,1984.0,Chondrite — Ordinary
Asuka 881985,-72.0,26.0,16.54,1988.0,Chondrite — Ordinary
Dar al Gani 943,27.21733,16.09267,15.25,2000.0,Chondrite — Ordinary
Meteorite Hills 001011,-79.68333,159.75,11.6,2000.0,Chondrite — Ordinary
Yamato 981471,0.0,0.0,5.11,1998.0,Chondrite — Ordinary
Yamato 74239,-71.5,35.66667,7.55,1974.0,Chondrite — Ordinary
Grove Mountains 022129,-72.77889,75.31361,30.24,2003.0,Chondrite — Ordinary
Acfer 058,27.38333,3.71667,277.0,1989.0,Chondrite — Ordinary
Allan Hills A77148,-76.71667,159.66667,13.1,1977.0,Chondrite — Ordinary
Yamato 793003,-71.5,35.66667,1.62,1979.0,Chondrite — Enstatite
Yamato 791197,-71.5,35.66667,52.4,1979.0,Achondrite — Lunar
Sacramento Wash 003,34.75873,-114.23342,89.2,2004.0,Chondrite — Ordinary
Asuka 881655,-72.0,26.0,36.64,1988.0,Chondrite — Carbonaceous
Lewis Cliff 88343,-84.26994,161.40738,28.1,1988.0,Chondrite — Ordinary
Yamato 74632,0.0,35.66667,3.02,1974.0,Chondrite — Ordinary
Queen Alexandra Range 99820,-84.0,168.0,38.2,1999.0,Chondrite — Ordinary
Grove Mountains 054465,-72.773333,75.328611,3.01,2006.0,Chondrite — Ordinary
Yamato 793527,-71.5,35.66667,3.94,1979.0,Chondrite — Ordinary
Miller Range 07472,0.0,0.0,16.1,2007.0,Chondrite — Ordinary
Allan Hills A77102,-76.71667,159.66667,12.3,1977.0,Chondrite — Ordinary
Lewis Cliff 86533,-84.26756,161.3631,15.7,1986.0,Chondrite — Ordinary
Asuka 880729,-72.0,26.0,239.61,1988.0,Chondrite — Ordinary
Jiddat al Harasis 447,19.61665,56.42307,3.601,2007.0,Chondrite — Ordinary
Elephant Moraine 90909,-76.26825,156.49748,6.4,1990.0,Chondrite — Ordinary
Grove Mountains 99012,-73.08333,75.2,5.36,2000.0,Chondrite — Ordinary
Asuka 881207,-72.0,26.0,20.08,1988.0,Chondrite — Ordinary
Allan Hills 94013,-76.71667,159.66667,10.6,1994.0,Chondrite — Ordinary
Dominion Range 08312,0.0,0.0,12.9,2008.0,Chondrite — Ordinary
Sayh al Uhaymir 538,21.10707,57.04363,154.0,2011.0,Chondrite — Ordinary
Yamato 792530,-71.5,35.66667,53.92,1979.0,Chondrite — Ordinary
El Djouf 007,23.66667,-1.81667,4500.0,1989.0,Chondrite — Ordinary
Yamato 86172,-71.5,35.66667,1.16,1986.0,Chondrite — Ordinary
Jiddat al Harasis 739,19.83278,56.43583,587.0,,Chondrite — Ordinary
Allan Hills A78061,-76.71667,159.66667,1.64,1977.0,Chondrite — Ordinary
Los Sauces,-29.41667,-66.85,997000.0,1937.0,Iron meteorite
Lavras do Sul,-30.8,-53.9,1000.0,1985.0,Chondrite — Ordinary
Lewis Cliff 86156,-84.25819,161.39785,24.5,1986.0,Chondrite — Ordinary
Northwest Africa 7504,0.0,0.0,1680.0,2012.0,Chondrite — Ordinary
MacAlpine Hills 88118,-84.21667,160.5,1142.3,1988.0,Chondrite — Ordinary
Yamato 983286,0.0,0.0,309.0,1998.0,Chondrite — Ordinary
Yamato 981133,0.0,0.0,46.87,1998.0,Chondrite — Ordinary
Yamato 791954,-71.5,35.66667,1.68,1979.0,Chondrite — Ordinary
Allan Hills 85102,-76.84062,156.3701,12.6,1985.0,Chondrite — Ordinary
Yamato 981236,0.0,0.0,10.59,1998.0,Chondrite — Ordinary
Grove Mountains 050005,-73.113889,75.171667,1.15,2006.0,Chondrite — Ordinary
Grove Mountains 021533,-72.96306,75.21472,4.34,2003.0,Chondrite — Ordinary
Queen Alexandra Range 93253,-84.5794,162.62671,3.8,1993.0,Chondrite — Ordinary
Yamato 790172,-71.5,35.66667,26.92,1979.0,Chondrite — Ordinary
Yamato 791819,-71.5,35.66667,0.62,1979.0,Chondrite — Ordinary
Meteorite Hills 00500,-79.68333,155.75,230.7,2000.0,Chondrite — Ordinary
Grove Mountains 054104,-72.786667,75.278889,1.47,2006.0,Chondrite — Ordinary
Grove Mountains 052912,-72.77861,75.3178,19.02,2006.0,Chondrite — Ordinary
Meteorite Hills 96512,-79.68333,159.75,2133.5,1996.0,Chondrite — Ordinary
Queen Alexandra Range 97390,-84.0,168.0,64.9,1997.0,Chondrite — Ordinary
Dominion Range 08429,0.0,0.0,23.3,2008.0,Chondrite — Ordinary
Miller Range 07290,0.0,0.0,32.7,2007.0,Chondrite — Ordinary
Yamato 86119,-71.5,35.66667,3.58,1986.0,Chondrite — Ordinary
MacAlpine Hills 02607,-84.21667,160.5,6.4,2002.0,Chondrite — Ordinary
Elephant Moraine 90141,-76.27668,156.446,12.3,1990.0,Chondrite — Ordinary
Meteorite Hills 001004,-79.68333,159.75,27.0,2000.0,Chondrite — Ordinary
Powell Peak 001,34.68222,-114.33046,42.8,2011.0,Chondrite — Ordinary
Dhofar 1654,18.67877,54.2876,50000.0,2011.0,Chondrite — Ordinary
Grove Mountains 051532,-72.935556,75.313056,4680.0,2006.0,Chondrite — Ordinary
Queen Alexandra Range 90272,-84.61234,162.13008,109.2,1990.0,Chondrite — Ordinary
Yamato 983540,0.0,0.0,91.7,1998.0,Chondrite — Ordinary
Queen Alexandra Range 99323,-84.0,168.0,47.5,1999.0,Chondrite — Ordinary
Queen Alexandra Range 93215,-84.57946,162.6269,12.6,1993.0,Chondrite — Ordinary
Northwest Africa 5846,0.0,0.0,44.0,2008.0,Chondrite — Ordinary
Asuka 881146,-72.0,26.0,1989.35,1988.0,Chondrite — Ordinary
Frontier Mountain 93022,-72.99167,160.40889,0.92,1993.0,Chondrite — Ordinary
Yamato 792569,-71.5,35.66667,5.45,1979.0,Chondrite — Ordinary
Dar al Gani 396,27.8185,15.92733,388.0,1998.0,Chondrite — Ordinary
Yamato 981031,-71.54694,35.40194,185.8,1998.0,Achondrite — Lunar
Yamato 793592,-71.5,35.66667,31.99,1979.0,Achondrite — Primitive/Other
Allan Hills 82144,-77.04713,157.28227,7.3,1982.0,Chondrite — Ordinary
Yamato 791741,-71.5,35.66667,11.23,1979.0,Chondrite — Ordinary
Dar al Gani 822,26.97633,16.4675,44.2,2000.0,Chondrite — Ordinary
Northwest Africa 2616,0.0,0.0,106.5,2004.0,Chondrite — Ordinary
Pecora Escarpment 91266,-85.69089,-69.03401,27.8,1991.0,Chondrite — Ordinary
Acfer 191,27.7,4.3,188.0,1990.0,Chondrite — Ordinary
Yamato 792534,-71.5,35.66667,40.3,1979.0,Chondrite — Ordinary
Northwest Africa 5026,0.0,0.0,2073.0,2007.0,Chondrite — Ordinary
Asuka 881243,-72.0,26.0,124.18,1988.0,Chondrite — Ordinary
Jiddat al Harasis 601,19.64415,55.73958,59.8,2009.0,Chondrite — Ordinary
Lewis Cliff 85327,-84.26611,161.31667,439.4,1985.0,Chondrite — Ordinary
Lewis Cliff 85385,-84.27188,161.31281,12.9,1985.0,Chondrite — Ordinary
Yamato 86618,-71.5,35.66667,1.17,1986.0,Chondrite — Ordinary
Queen Alexandra Range 93008,-84.59071,162.24734,2.9,1993.0,Achondrite — HED
Lewis Cliff 86129,-84.25699,161.41762,7.0,1986.0,Chondrite — Ordinary
Frontier Mountain 03057,-72.95275,160.45725,61.0,2003.0,Chondrite — Ordinary
Yamato 792815,-71.5,35.66667,5.4,1979.0,Chondrite — Ordinary
Yamato 74564,0.0,35.66667,8.51,1974.0,Chondrite — Ordinary
Grosvenor Mountains 95655,-85.66667,175.0,11.6,1995.0,Chondrite — Ordinary
Meteorite Hills 00802,-79.68333,155.75,81.2,2000.0,Chondrite — Ordinary
Río Cuarto 001,-32.87167,-64.22333,62.7,,Achondrite — HED
Dhofar 633,19.10727,54.60727,43.0,2001.0,Chondrite — Ordinary
Northwest Africa 3239,0.0,0.0,685.0,2006.0,Chondrite — Ordinary
El Médano 138,-24.85,-70.53333,17.9,2011.0,Chondrite — Ordinary
Elephant Moraine 83386,-76.29139,157.15333,37.8,1983.0,Chondrite — Ordinary
Yamato 982171,0.0,0.0,8.99,1998.0,Chondrite — Ordinary
Yamato 86221,-71.5,35.66667,6.02,1986.0,Chondrite — Ordinary
Yamato 982400,0.0,0.0,4.96,1998.0,Chondrite — Ordinary
Asuka 881017,-72.0,26.0,825.36,1988.0,Chondrite — Ordinary
Yamato 86272,-71.5,35.66667,110.69,1986.0,Chondrite — Ordinary
Northwest Africa 6140,0.0,0.0,5102.4,2002.0,Chondrite — Ordinary
Queen Alexandra Range 97985,-84.0,168.0,16.2,1997.0,Chondrite — Ordinary
Österplana 021,58.58333,13.43333,,1997.0,Other / Ungrouped
Elephant Moraine 90050,-76.26568,156.4887,4.1,1990.0,Chondrite — Carbonaceous
Yamato 81055,-71.5,35.66667,1.87,1981.0,Chondrite — Ordinary
Dar al Gani 713,26.96667,16.38333,183.0,1999.0,Chondrite — Ordinary
Jiddat al Harasis 236,19.97028,56.39825,0.54,2005.0,Chondrite — Rumuruti (R)
Miller Range 090816,0.0,0.0,3.6,2009.0,Chondrite — Ordinary
Allan Hills A81044,-76.71945,158.76506,386.8,1981.0,Chondrite — Ordinary
Pavlodar (pallasite),51.16667,77.33333,4500.0,1885.0,Stony-iron
Yamato 983810,0.0,0.0,17.89,1998.0,Chondrite — Ordinary
Acfer 319,27.55194,3.81611,2393.0,1992.0,Chondrite — Ordinary
Meteorite Hills A78009,-79.68333,155.75,28.8,1978.0,Chondrite — Ordinary
Lewis Cliff 87018,-84.34665,161.48015,1.2,1987.0,Achondrite — Primitive/Other
Grove Mountains 022150,-72.77889,75.31361,14.34,2003.0,Chondrite — Ordinary
Yamato 86139,-71.5,35.66667,2.47,1986.0,Chondrite — Ordinary
Asuka 880874,-72.0,26.0,35.84,1988.0,Chondrite — Ordinary
Frontier Mountain 90041,-72.95377,160.50405,5.1,1990.0,Chondrite — Ordinary
Allan Hills 88047,-76.70061,159.30934,20.6,1988.0,Chondrite — Ordinary
Dar al Gani 129,27.155,16.27883,299.0,1996.0,Chondrite — Ordinary
Jiddat al Harasis 324,19.72058,55.68105,791.0,2006.0,Chondrite — Ordinary
Queen Alexandra Range 94343,-84.0,168.0,3.0,1994.0,Chondrite — Ordinary
Jiddat al Harasis 436,19.6262,56.50932,308.65,2007.0,Chondrite — Ordinary
Yamato 982174,0.0,0.0,1.77,1998.0,Chondrite — Ordinary
Queen Alexandra Range 97065,-84.0,168.0,57.9,1997.0,Chondrite — Ordinary
Northwest Africa 6704,0.0,0.0,8387.0,,Chondrite — Other
Queen Alexandra Range 99664,-84.0,168.0,4.6,1999.0,Chondrite — Ordinary
Frontier Mountain 90033,-72.95556,160.46457,7.5,1990.0,Chondrite — Ordinary
Yamato 982229,0.0,0.0,6.44,1998.0,Chondrite — Ordinary
Kress (b),34.35833,-101.73,2600.0,1966.0,Chondrite — Ordinary
Rumanová,48.348,17.866,4300.0,1994.0,Chondrite — Ordinary
Graves Nunataks 98098,-86.71667,-141.5,779.2,1998.0,Achondrite — HED
Yamato 790920,-71.5,35.66667,1.81,1979.0,Chondrite — Ordinary
Duel Hill (1854),35.85,-82.7,21800.0,1854.0,Iron meteorite
Yamato 984052,0.0,0.0,126.5,1998.0,Chondrite — Ordinary
Queen Alexandra Range 93379,-84.0,168.0,8.7,1993.0,Chondrite — Ordinary
Miller Range 07611,0.0,0.0,9.8,2007.0,Chondrite — Ordinary
Lewis Cliff 87097,-84.34436,161.46748,4.3,1987.0,Chondrite — Ordinary
Lewis Cliff 87291,-84.27289,161.71234,61.4,1987.0,Chondrite — Ordinary
Yamato 86468,-71.5,35.66667,1.43,1986.0,Chondrite — Ordinary
Queen Alexandra Range 97520,-84.0,168.0,2.2,1997.0,Chondrite — Ordinary
Pampa (a),-23.2,-70.43333,380.0,1986.0,Chondrite — Ordinary
Yamato 791829,-71.5,35.66667,9.27,1979.0,Achondrite — HED
Caleta el Cobre 001,-24.266,-70.03333,9.0,2010.0,Chondrite — Ordinary
Oroville,39.68333,-121.63333,24500.0,1893.0,Iron meteorite
Asuka 87182,-72.0,26.0,11.16,1987.0,Chondrite — Ordinary
Sayh al Uhaymir 276,20.10017,56.83775,286.41,2002.0,Chondrite — Ordinary
Lone Island Lake,50.00957,-95.38537,4800.0,2005.0,Iron meteorite
Lewis Cliff 86256,-84.25478,161.39753,21.8,1986.0,Chondrite — Ordinary
Lewis Cliff 86457,-84.27425,161.67671,13.0,1986.0,Chondrite — Ordinary
Asuka 881387,-72.0,26.0,24.37,1988.0,Chondrite — Ordinary
Queen Alexandra Range 02124,-84.0,168.0,11.25,2002.0,Chondrite — Ordinary
Camel Donga 051,-30.30883,126.5845,5.0,1993.0,Chondrite — Ordinary
Queen Alexandra Range 97668,-84.0,168.0,7.2,1997.0,Chondrite — Ordinary
Dhofar 1304,18.6672,54.3662,85.0,2005.0,Chondrite — Ordinary
Northwest Africa 7304,0.0,0.0,272.0,2009.0,Achondrite — Primitive/Other
Bondoc,13.51667,122.45,888600.0,1956.0,Stony-iron
Miller Range 090764,0.0,0.0,68.9,2009.0,Chondrite — Ordinary
Grove Mountains 020184,-72.97806,75.26306,3.17,2003.0,Chondrite — Ordinary
Asuka 87116,-72.0,26.0,350.91,1987.0,Chondrite — Ordinary
Queen Alexandra Range 97488,-84.0,168.0,2.8,1997.0,Chondrite — Ordinary
Grove Mountains 022667,-72.781389,75.278056,0.6,2003.0,Chondrite — Ordinary
Queen Alexandra Range 99490,-84.0,168.0,1.5,1999.0,Chondrite — Ordinary
Lewis Cliff 86238,-84.25621,161.39112,28.9,1986.0,Chondrite — Ordinary
Pecora Escarpment 91036,-85.68666,-68.71251,280.4,1991.0,Chondrite — Ordinary
Elephant Moraine 87614,-76.27973,156.45401,16.4,1987.0,Chondrite — Ordinary
Jiddat al Harasis 282,19.64717,56.21783,54.5,2005.0,Chondrite — Ordinary
Yamato 74093,-71.5,35.66667,6.59,1974.0,Chondrite — Ordinary
Jiddat al Harasis 296,19.79983,56.46717,294.42,2005.0,Chondrite — Ordinary
Pecora Escarpment 91221,-85.67545,-68.71658,46.0,1991.0,Chondrite — Ordinary
Elephant Moraine 96190,-76.18333,157.16667,60.8,1996.0,Chondrite — Ordinary
Elephant Moraine 83272,-76.29528,157.23806,34.5,1983.0,Chondrite — Ordinary
Allan Hills 84011,-76.87851,158.61831,138.2,1984.0,Achondrite — Primitive/Other
Allan Hills A77128,-76.71667,159.66667,3.77,1977.0,Chondrite — Ordinary
Roosevelt County 070,34.1,-103.48333,2.3,1989.0,Chondrite — Ordinary
Lewis Cliff 86340,-84.27756,161.35435,25.1,1986.0,Chondrite — Ordinary
Pecora Escarpment 91218,-85.67258,-68.71682,68.0,1991.0,Chondrite — Ordinary
Grove Mountains 021896,-72.778056,75.3275,0.89,2003.0,Chondrite — Ordinary
Grove Mountains 021609,-72.9775,75.216944,3.26,2003.0,Chondrite — Ordinary
Sayh al Uhaymir 549,20.50483,56.83407,176.2,2011.0,Chondrite — Ordinary
Elephant Moraine 83400,-76.32917,157.20167,112.9,1983.0,Chondrite — Ordinary
Yamato 981705,0.0,0.0,74.09999999999998,1998.0,Chondrite — Ordinary
LaPaz Icefield 02282,-86.36667,-70.0,4.34,2002.0,Chondrite — Ordinary
Shişr 108,18.19232,53.80368,35.41,2001.0,Chondrite — Ordinary
Allan Hills A78070,-76.71667,159.66667,10.0,1978.0,Chondrite — Ordinary
Miller Range 07530,0.0,0.0,2.5,2007.0,Chondrite — Ordinary
Meteorite Hills 01188,-79.68333,159.75,25.1,2001.0,Chondrite — Ordinary
Allan Hills 85065,-76.83619,156.44564,9.7,1985.0,Chondrite — Ordinary
Miller Range 07310,0.0,0.0,2.5,2007.0,Chondrite — Carbonaceous
Yamato 793598,-71.5,35.66667,138.23,1979.0,Iron meteorite
Yamato 86086,-71.5,35.66667,9.18,1986.0,Chondrite — Ordinary
Yamato 86510,-71.5,35.66667,0.65,1986.0,Chondrite — Ordinary
Yamato 86325,-71.5,35.66667,6.72,1986.0,Chondrite — Ordinary
MacAlpine Hills 02657,-84.21667,160.5,0.45,2002.0,Chondrite — Ordinary
Allan Hills 88016,-76.69239,159.33052,73.7,1988.0,Chondrite — Ordinary
Shişr 158,18.25928,53.99248,61.4,2007.0,Chondrite — Ordinary
Yamato 81100,-71.5,35.66667,11.82,1981.0,Chondrite — Ordinary
Shişr 039,18.54723,53.95703,2123.2,2002.0,Chondrite — Ordinary
Yamato 983250,0.0,0.0,509.7,1998.0,Chondrite — Ordinary
Frontier Mountain 09024,-72.95312,160.49633,13.7,2009.0,Chondrite — Ordinary
Yamato 792912,-71.5,35.66667,2.37,1979.0,Chondrite — Ordinary
Northwest Africa 6135,0.0,0.0,3800.0,2008.0,Chondrite — Ordinary
Dhofar 1032,18.4285,54.17082,81.09999999999998,2003.0,Chondrite — Ordinary
MacAlpine Hills 02835,-84.21667,160.5,66.7,2002.0,Chondrite — Ordinary
Dhofar 1223,18.76075,54.47285,81.4,2004.0,Chondrite — Rumuruti (R)
Sarir Tibesti 001,24.297,18.41433,6697.0,1994.0,Chondrite — Ordinary
Lewis Cliff 86529,-84.23195,161.48472,1.4,1986.0,Chondrite — Ordinary
Jiddat al Harasis 489,19.96886,56.41678,30.9,2008.0,Stony-iron
Northwest Africa 5787,0.0,0.0,48.0,2009.0,Achondrite — HED
Asuka 880810,-72.0,26.0,40.39,1988.0,Chondrite — Ordinary
Yamato 792661,-71.5,35.66667,137.96,1979.0,Chondrite — Ordinary
Yamato 983675,0.0,0.0,5.37,1998.0,Chondrite — Ordinary
Lewis Cliff 93846,-84.27394,161.68329,2.6,1993.0,Chondrite — Ordinary
Asuka 880693,-72.0,26.0,36.63,1988.0,Chondrite — Ordinary
Asuka 881943,-72.0,26.0,66.13,1988.0,Chondrite — Ordinary
Miller Range 090738,0.0,0.0,1.7,2009.0,Chondrite — Ordinary
Grove Mountains 053862,-72.786389,75.276389,0.76,2006.0,Chondrite — Ordinary
Yamato 983654,0.0,0.0,14.01,1998.0,Chondrite — Ordinary
Meteorite Hills 01167,-79.68333,159.75,43.3,2001.0,Chondrite — Ordinary
Dominion Range 08096,0.0,0.0,28.1,2008.0,Chondrite — Ordinary
Elephant Moraine 83303,-76.29722,157.30528,11.8,1983.0,Chondrite — Ordinary
Yamato 791964,-71.5,35.66667,12.35,1979.0,Chondrite — Ordinary
Miller Range 090601,0.0,0.0,1.3,2009.0,Chondrite — Ordinary
Yamato 793211,-71.5,35.66667,43.46,1979.0,Chondrite — Ordinary
Yamato 793084,-71.5,35.66667,0.72,1979.0,Chondrite — Enstatite
Yamato 982774,0.0,0.0,7.75,1998.0,Chondrite — Ordinary
Grove Mountains 052835,-72.825278,75.353611,1.77,2006.0,Chondrite — Ordinary
Queen Alexandra Range 93120,-84.5758,162.56921,6.4,1993.0,Chondrite — Ordinary
Dhofar 1671,18.86958,54.22956,40.8,2011.0,Chondrite — Carbonaceous
Grove Mountains 022476,-72.77444,75.32167,1.8,2003.0,Chondrite — Ordinary
Yamato 81036,-71.5,35.66667,3.47,1981.0,Chondrite — Ordinary
Patuxent Range 10296,0.0,0.0,2.7,2010.0,Chondrite — Ordinary
Yamato 74087,-71.5,35.66667,0.78,1974.0,Chondrite — Ordinary
Meteorite Hills 01054,-79.68333,159.75,358.5,2001.0,Chondrite — Ordinary
Grove Mountains 022985,-72.77361,75.34361,0.69,2003.0,Chondrite — Ordinary
Dominion Range 08420,0.0,0.0,54.8,2008.0,Chondrite — Ordinary
Asuka 881498,-72.0,26.0,198.78,1988.0,Chondrite — Ordinary
Reckling Peak 92422,-76.21993,158.37778,12.9,1992.0,Chondrite — Ordinary
Yamato 74122,-71.5,35.66667,54.89,1974.0,Chondrite — Ordinary
Elephant Moraine 96108,-76.18333,157.16667,1.4,1996.0,Chondrite — Ordinary
Yamato 75305,-71.5,35.66667,2.06,1975.0,Achondrite — Primitive/Other
Asuka 881220,-72.0,26.0,48.97,1988.0,Achondrite — Primitive/Other
Northwest Africa 5817,0.0,0.0,83.4,2006.0,Chondrite — Ordinary
Pallasovka,49.86667,46.61167,198000.0,1990.0,Stony-iron
Larkman Nunatak 06812,0.0,0.0,96.7,2006.0,Chondrite — Ordinary
Asuka 881268,-72.0,26.0,105.3,1988.0,Chondrite — Ordinary
Asuka 880641,-72.0,26.0,154.23,1988.0,Chondrite — Ordinary
Northwest Africa 6909,0.0,0.0,188.0,2009.0,Achondrite — HED
Dhofar 517,18.925,54.45833,260.0,2000.0,Chondrite — Ordinary
Ramlat as Sahmah 357,20.43182,55.53323,2781.2,2010.0,Chondrite — Ordinary
Yamato 792589,-71.5,35.66667,5.75,1979.0,Chondrite — Ordinary
Allan Hills A81242,-76.69167,159.29945,19.9,1981.0,Chondrite — Ordinary
Meteorite Hills 00650,-79.68333,155.75,34.24,2000.0,Chondrite — Ordinary
Elephant Moraine 96111,-76.18333,157.16667,46.3,1996.0,Chondrite — Ordinary
Yamato 792781,-71.5,35.66667,15.61,1979.0,Chondrite — Ordinary
Elephant Moraine 90315,-76.28788,156.42289,21.3,1990.0,Chondrite — Ordinary
Wynyard,51.88333,-104.18333,3479.0,1968.0,Chondrite — Ordinary
Yamato 794008,-71.5,35.66667,19.82,1979.0,Chondrite — Ordinary
Allan Hills A81024,-76.67844,159.26614,797.7,1981.0,Chondrite — Ordinary
Miller Range 090557,0.0,0.0,3.1,2009.0,Chondrite — Ordinary
Queen Alexandra Range 99366,-84.0,168.0,12.4,1999.0,Chondrite — Ordinary
Queen Alexandra Range 99873,-84.0,168.0,7.0,1999.0,Chondrite — Ordinary
Jiddat al Harasis 491,19.98056,56.41206,43.0,2008.0,Chondrite — Ordinary
Frontier Mountain 90184,-72.95488,160.47328,2.18,1990.0,Chondrite — Ordinary
Asuka 880715,-72.0,26.0,1909.25,1988.0,Chondrite — Ordinary
Dhofar 129,19.29583,54.73183,1240.0,2000.0,Chondrite — Ordinary
Frontier Mountain 03071,-72.95297,160.44314,0.17,2004.0,Chondrite — Ordinary
Yamato 74316,-71.5,35.66667,8.75,1974.0,Chondrite — Ordinary
Yamato 794056,-71.5,35.66667,5.44,1979.0,Chondrite — Ordinary
Elephant Moraine 90183,-76.28298,156.47846,21.3,1990.0,Chondrite — Ordinary
Yamato 790504,-71.5,35.66667,7.99,1979.0,Chondrite — Ordinary
Yamato 75260,-71.5,35.66667,4.0,1975.0,Chondrite — Carbonaceous
Yamato 74062,-71.5,35.66667,10.46,1974.0,Chondrite — Ordinary
Hart,34.37718,-102.11672,966.0,2010.0,Chondrite — Carbonaceous
Lewis Cliff 86127,-84.25867,161.41623,11.9,1986.0,Chondrite — Ordinary
Queen Alexandra Range 94398,-84.0,168.0,3.1,1994.0,Chondrite — Ordinary
Yamato 86500,-71.5,35.66667,1.25,1986.0,Chondrite — Ordinary
Yamato 86013,-71.5,35.66667,5.43,1986.0,Chondrite — Ordinary
Elephant Moraine 90217,-76.27133,156.52369,23.2,1990.0,Chondrite — Ordinary
Grove Mountains 051727,-72.778333,75.333333,2.25,2006.0,Chondrite — Ordinary
Reckling Peak A78001,-76.26667,159.25,234.9,1978.0,Chondrite — Ordinary
Yamato 793025,-71.5,35.66667,1.03,1979.0,Chondrite — Enstatite
Abu Moharek,27.23944,29.83583,4500.0,1997.0,Chondrite — Ordinary
Tanezrouft 080,24.6544,-0.56928,1056.0,2003.0,Chondrite — Ordinary
Imlay,40.74018,-118.17285,770.0,2009.0,Chondrite — Ordinary
Grove Mountains 052222,-72.771111,75.338056,0.76,2006.0,Chondrite — Ordinary
Grove Mountains 024244,-72.9825,75.25,0.65,2003.0,Chondrite — Ordinary
Northwest Africa 6335,0.0,0.0,839.1,2002.0,Chondrite — Ordinary
Dar al Gani 812,26.95867,16.4555,2022.0,2000.0,Chondrite — Ordinary
Queen Alexandra Range 93655,-84.0,168.0,0.8,1993.0,Chondrite — Ordinary
Grosvenor Mountains 95585,-85.66667,175.0,88.6,1995.0,Chondrite — Ordinary
Allan Hills A77248,-76.71667,159.66667,96.1,1977.0,Chondrite — Ordinary
Dhofar 268,18.90167,54.56167,124.0,2000.0,Chondrite — Ordinary
Boaz (stone),33.65167,-103.70833,1800.0,1968.0,Chondrite — Ordinary
Yamato 791413,-71.5,35.66667,203.61,1979.0,Chondrite — Ordinary
Meteorite Hills 01218,-79.68333,159.75,8.1,2001.0,Chondrite — Ordinary
Northwest Africa 7149,0.0,0.0,2318.0,2011.0,Chondrite — Ordinary
Thiel Mountains 07007,-85.15633,-94.614,18.0,2007.0,Chondrite — Carbonaceous
Acfer 016,27.71667,4.48333,111.0,1989.0,Chondrite — Ordinary
Queen Alexandra Range 94456,-84.0,168.0,25.3,1994.0,Chondrite — Ordinary
Dar al Gani 053,27.30517,16.26417,276.0,1995.0,Chondrite — Ordinary
Frontier Mountain 95037,-72.95111,160.51389,0.5,1995.0,Chondrite — Ordinary
Asuka 881643,-72.0,26.0,519.1,1988.0,Chondrite — Ordinary
Reggane 003,25.63333,0.5,9500.0,1989.0,Chondrite — Ordinary
Jiddat al Harasis 410,19.68598,56.6227,529.639,2007.0,Achondrite — HED
Thiel Mountains 91707,-85.16511,-94.55301,207.4,1991.0,Chondrite — Ordinary
Yamato 793012,-71.5,35.66667,1.52,1979.0,Chondrite — Enstatite
Elephant Moraine 83253,-76.28722,157.19333,44.1,1983.0,Chondrite — Ordinary
Yamato 983408,0.0,0.0,15.6,1998.0,Chondrite — Ordinary
Dar al Gani 204,27.15117,15.9665,720.0,1996.0,Chondrite — Carbonaceous
Meteorite Hills 00960,-79.68333,159.75,44.9,2000.0,Chondrite — Ordinary
Queen Alexandra Range 97868,-84.0,168.0,4.7,1997.0,Chondrite — Ordinary
Asuka 881189,-72.0,26.0,63.97,1988.0,Chondrite — Ordinary
Elephant Moraine 90264,-76.27311,156.48928,2.8,1990.0,Chondrite — Ordinary
Queen Alexandra Range 94257,-84.0,168.0,2.8,1994.0,Chondrite — Ordinary
Dhofar 484,19.11045,54.87389,383.0,2001.0,Chondrite — Ordinary
David Glacier 01001,-75.68139,155.45306,134.1,2001.0,Chondrite — Ordinary
LaPaz Icefield 02323,-86.36667,-70.0,507.1,2002.0,Chondrite — Ordinary
Grove Mountains 052360,-72.78278,75.29889,2.42,2006.0,Chondrite — Ordinary
Northwest Africa 056,27.16667,-9.5,436.0,,Chondrite — Ordinary
Asuka 881004,-72.0,26.0,30.25,1988.0,Chondrite — Ordinary
Dhofar 185,18.87222,54.47861,516.2,2000.0,Chondrite — Ordinary
Grove Mountains 022622,-72.7825,75.27722,1.5,2003.0,Chondrite — Ordinary
Northwest Africa 6409,0.0,0.0,11800.0,2008.0,Chondrite — Ordinary
Ilafegh 007,21.6,1.45,615.0,1989.0,Chondrite — Ordinary
Lewis Cliff 88688,-84.27345,161.40329,22.0,1988.0,Chondrite — Ordinary
El Médano 025,-24.85,-70.53333,132.0,2010.0,Chondrite — Ordinary
Hammadah al Hamra 211,28.47817,13.2565,63.0,1997.0,Chondrite — Ordinary
Ballinoo,-27.7,115.76667,42200.0,1892.0,Iron meteorite
Yamato 982237,0.0,0.0,91.2,1998.0,Chondrite — Ordinary
Dar al Gani 491,27.26683,16.06683,16.0,1997.0,Chondrite — Ordinary
Allan Hills A81032,-76.69806,159.3875,726.8,1981.0,Chondrite — Ordinary
Northwest Africa 5802,0.0,0.0,51.4,2005.0,Chondrite — Ordinary
Kokomo,40.48333,-86.36667,1800.0,1862.0,Iron meteorite
Lewis Cliff 86516,-84.24323,161.41322,4.3,1986.0,Chondrite — Ordinary
Elephant Moraine 83340,-76.27361,157.20694,15.2,1983.0,Chondrite — Ordinary
Asuka 881151,-72.0,26.0,204.42,1988.0,Chondrite — Ordinary
Yamato 790846,-71.5,35.66667,6.27,1979.0,Chondrite — Ordinary
Dar al Gani 263,27.1885,16.31483,151.0,1997.0,Chondrite — Ordinary
Roosevelt County 024,34.08333,-103.5,5.6,1984.0,Chondrite — Ordinary
Asuka 881981,-72.0,26.0,810.36,1988.0,Chondrite — Ordinary
Yamato 86486,-71.5,35.66667,2.01,1986.0,Chondrite — Ordinary
Miller Range 99313,-83.25,157.0,174.5,1999.0,Chondrite — Ordinary
Frontier Mountain 01115,-72.95278,160.52056,3.4,2001.0,Chondrite — Ordinary
Elephant Moraine 87694,-76.28204,156.44139,23.4,1987.0,Chondrite — Ordinary
Sayh al Uhaymir 128,20.99833,57.315,82.0,2002.0,Chondrite — Ordinary
Yamato 792514,-71.5,35.66667,1.08,1979.0,Chondrite — Ordinary
Queen Alexandra Range 93600,-84.0,168.0,68.7,1993.0,Chondrite — Ordinary
Camel Donga 034,-30.09167,126.88883,0.7,1994.0,Chondrite — Ordinary
Reckling Peak 92426,-76.23897,158.22577,65.8,1992.0,Chondrite — Ordinary
Queen Alexandra Range 97357,-84.0,168.0,4.7,1997.0,Chondrite — Ordinary
Queen Alexandra Range 97667,-84.0,168.0,1.6,1997.0,Chondrite — Ordinary
Lewis Cliff 88057,-84.24634,161.45273,8.4,1988.0,Chondrite — Ordinary
Queen Alexandra Range 99371,-84.0,168.0,3.6,1999.0,Chondrite — Ordinary
Asuka 880943,-72.0,26.0,21.0,1988.0,Chondrite — Ordinary
Yamato 794079,-71.5,35.66667,3.72,1979.0,Chondrite — Carbonaceous
Sayh al Uhaymir 169,20.57318,57.32333,206.45,2002.0,Achondrite — Lunar
Queen Alexandra Range 94314,-84.0,168.0,1.2,1994.0,Chondrite — Ordinary
Bluff (a),29.87861,-96.87222,153300.0,1878.0,Chondrite — Ordinary
Yamato 8452,-71.5,35.66667,3.29,1984.0,Chondrite — Carbonaceous
Queen Alexandra Range 99851,-84.0,168.0,6.0,1999.0,Chondrite — Ordinary
Motpena (b),-31.2,138.3,304.0,1972.0,Chondrite — Carbonaceous
Patuxent Range 10314,0.0,0.0,7.3,2010.0,Chondrite — Ordinary
Northwest Africa 7033,0.0,0.0,468.0,2011.0,Chondrite — Ordinary
Asuka 880704,-72.0,26.0,51.64,1988.0,Chondrite — Ordinary
Jiddat al Harasis 695,19.05548,55.55645,87.8,2011.0,Chondrite — Ordinary
Lewis Cliff 86304,-84.27386,161.68661,4.2,1986.0,Chondrite — Ordinary
Dar al Gani 970,26.89967,16.57817,251.0,1998.0,Chondrite — Ordinary
Yamato 86424,-71.5,35.66667,4.21,1986.0,Chondrite — Ordinary
Dar al Gani 514,27.0715,16.11583,83.0,1997.0,Chondrite — Ordinary
Yamato 75010,-71.5,35.66667,1.29,1975.0,Chondrite — Ordinary
Daraj 013,29.59722,11.74167,352.0,1986.0,Chondrite — Ordinary
Northwest Africa 5864,0.0,0.0,353.0,2006.0,Chondrite — Ordinary
Jiddat al Harasis 600,19.79552,55.6831,5750.8,2009.0,Chondrite — Ordinary
Derrick Peak A78008,-80.06667,156.38333,59400.0,1978.0,Iron meteorite
Queen Alexandra Range 97321,-84.0,168.0,96.4,1997.0,Chondrite — Ordinary
Miller Range 090002,0.0,0.0,3971.0,2009.0,Stony-iron
Yamato 791838,-71.5,35.66667,16.0,1979.0,Achondrite — HED
Elephant Moraine 96126,-76.18333,157.16667,2.4,1996.0,Chondrite — Ordinary
Allan Hills 83105,-77.04139,157.05861,0.7,1983.0,Chondrite — Ordinary
Hammadah al Hamra 293,28.78333,12.53333,382.0,2000.0,Chondrite — Ordinary
Dhofar 1059,18.85235,54.6488,149.0,2000.0,Chondrite — Ordinary
Grove Mountains 022133,-72.77889,75.31361,21.37,2003.0,Chondrite — Ordinary
Yamato 792929,-71.5,35.66667,8.74,1979.0,Chondrite — Ordinary
Aguemour 015,27.50972,4.16111,1106.0,1993.0,Chondrite — Ordinary
Lewis Cliff 88490,-84.24795,161.38673,19.4,1988.0,Chondrite — Ordinary
Northwest Africa 7274,0.0,0.0,372.6,2012.0,Achondrite — Lunar
Longtian,27.35,108.5,350000.0,1991.0,Iron meteorite
Lewis Cliff 87127,-84.25344,161.43918,12.7,1987.0,Chondrite — Ordinary
Queen Alexandra Range 97564,-84.0,168.0,4.4,1997.0,Chondrite — Ordinary
Grove Mountains 023735,-72.98389,75.25111,0.56,2003.0,Chondrite — Ordinary
Ramlat al Wahibah 039,21.37162,58.4124,23.8,2006.0,Chondrite — Ordinary
Yamato 791481,-71.5,35.66667,2.13,1979.0,Chondrite — Ordinary
Yamato 791290,-71.5,35.66667,2.74,1979.0,Chondrite — Ordinary
Yamato 792873,-71.5,35.66667,9.16,1979.0,Chondrite — Ordinary
Northwest Africa 2568,0.0,0.0,27.1,2004.0,Chondrite — Ordinary
Meteorite Hills 001057,-79.68333,159.75,27.5,2000.0,Chondrite — Ordinary
Miller Range 090286,0.0,0.0,105.7,2009.0,Chondrite — Ordinary
Elephant Moraine 90636,-76.27524,156.42288,32.2,1990.0,Chondrite — Ordinary
Reckling Peak A80220,-76.22333,158.68446,124.5,1980.0,Chondrite — Ordinary
Superior Valley 010,35.23633,-117.04317,26.26,2001.0,Chondrite — Ordinary
Auburn,32.63333,-85.5,3630.0,1867.0,Iron meteorite
Yamato 983797,0.0,0.0,3.97,1998.0,Chondrite — Ordinary
Elephant Moraine 83248,-76.3225,157.18472,39.2,1983.0,Chondrite — Ordinary
Queen Alexandra Range 93281,-84.0,168.0,12.8,1993.0,Chondrite — Ordinary
Sayh al Uhaymir 134,21.03364,57.32064,190.58,2001.0,Chondrite — Ordinary
Elephant Moraine 90677,-76.26993,156.45267,22.8,1990.0,Chondrite — Ordinary
San Juan 044,-25.443667,-69.884,120.0,2009.0,Chondrite — Ordinary
Frontier Mountain 01092,-72.95194,160.45444,4.9,2001.0,Chondrite — Ordinary
Miller Range 090495,0.0,0.0,1.0,2009.0,Chondrite — Ordinary
Frontier Mountain 90086,-72.9531,160.44851,4.7,1991.0,Chondrite — Ordinary
Pecora Escarpment 91146,-85.67809,-69.05486,4.8,1991.0,Chondrite — Ordinary
Grove Mountains 021821,-72.777222,75.338056,1.17,2003.0,Chondrite — Ordinary
Ramlat as Sahmah 227,20.56085,56.08235,1226.2,2003.0,Chondrite — Ordinary
Acfer 206,27.69083,4.37861,1229.0,1991.0,Chondrite — Ordinary
Larkman Nunatak 06474,0.0,0.0,9.1,2006.0,Chondrite — Ordinary
Queen Alexandra Range 97567,-84.0,168.0,3.4,1997.0,Chondrite — Ordinary
Bealiba,-36.8,143.55,652.0,1950.0,Chondrite — Ordinary
Queen Alexandra Range 93234,-84.59107,162.24576,9.0,1993.0,Chondrite — Ordinary
Queen Alexandra Range 99022,-84.0,168.0,548.9,1999.0,Chondrite — Ordinary
Dhofar 144,18.41533,54.18233,630.0,2000.0,Chondrite — Ordinary
Yamato 791946,-71.5,35.66667,1.47,1979.0,Chondrite — Ordinary
Queen Alexandra Range 93247,-84.5933,162.31231,68.3,1993.0,Chondrite — Ordinary
Yamato 75170,-71.5,35.66667,8.7,1975.0,Chondrite — Ordinary
Chamberlin,36.2,-102.45,2400.0,1941.0,Chondrite — Ordinary
Frontier Mountain 93025,-72.98972,160.40722,4.03,1993.0,Chondrite — Ordinary
Allan Hills A77152,-76.71667,159.66667,17.8,1977.0,Chondrite — Ordinary
Dar al Gani 262,27.18367,16.30033,513.0,1997.0,Achondrite — Lunar
Queen Alexandra Range 93475,-84.0,168.0,4.9,1993.0,Chondrite — Ordinary
Asuka 881421,-72.0,26.0,401.7,1988.0,Chondrite — Ordinary
Arcadia,41.41667,-99.1,19400.0,1937.0,Chondrite — Ordinary
Mount Joy,39.78333,-77.21667,384000.0,1887.0,Iron meteorite
Dhofar 345,19.11667,54.80833,31.0,2000.0,Chondrite — Ordinary
Yamato 793605,-71.5,35.66667,16.0,1979.0,Achondrite — Martian
Asuka 87138,-72.0,26.0,98.26,1987.0,Chondrite — Ordinary
Meteorite Hills 00765,-79.68333,155.75,12.48,2000.0,Chondrite — Ordinary
Asuka 881491,-72.0,26.0,35.06,1988.0,Chondrite — Ordinary
Miller Range 090660,0.0,0.0,6.5,2009.0,Chondrite — Ordinary
Asuka 882098,-72.0,26.0,180.9,1988.0,Chondrite — Ordinary
Meteorite Hills 00714,-79.68333,159.75,32.5,2000.0,Chondrite — Ordinary
Reckling Peak 92416,-76.24279,158.65633,39.9,1992.0,Chondrite — Ordinary
Lewis Cliff 87235,-84.34417,161.466,1.1,1987.0,Chondrite — Ordinary
Elephant Moraine 96176,-76.18333,157.16667,19.3,1996.0,Chondrite — Ordinary
Queen Alexandra Range 97268,-84.0,168.0,36.9,1997.0,Chondrite — Ordinary
Queen Alexandra Range 99568,-84.0,168.0,3.8,1999.0,Chondrite — Ordinary
Dhofar 720,18.945,54.895,392.0,2000.0,Chondrite — Ordinary
Hickiwan,32.35833,-112.40889,1928.0,1974.0,Chondrite — Ordinary
Queen Alexandra Range 97291,-84.0,168.0,14.1,1997.0,Chondrite — Ordinary
Dhofar 848,18.20167,54.28,162.0,2001.0,Chondrite — Ordinary
Elephant Moraine 90044,-76.27068,156.43656,11.5,1990.0,Chondrite — Carbonaceous
Asuka 881576,-72.0,26.0,95.59,1988.0,Chondrite — Ordinary
Grove Mountains 052965,-72.77944,75.30889,162.08,2006.0,Chondrite — Ordinary
Acfer 343,27.619722,4.265,140.0,2002.0,Chondrite — Ordinary
Meteorite Hills 001082,-79.68333,159.75,17.0,2000.0,Chondrite — Ordinary
Asuka 881257,-72.0,26.0,74.73999999999998,1988.0,Chondrite — Ordinary
Sayh al Uhaymir 106,20.54167,56.68833,190.0,2000.0,Chondrite — Ordinary
Dominion Range 08401,0.0,0.0,97.9,2008.0,Chondrite — Ordinary
Northwest Africa 6544,0.0,0.0,34.75,2006.0,Chondrite — Ordinary
Graves Nunataks 98168,-86.71667,-141.5,7.0,1998.0,Achondrite — HED
Lewis Cliff 88056,-84.25152,161.39855,3.0,1988.0,Chondrite — Ordinary
Pecora Escarpment 91383,-85.66605,-68.54123,48.9,1991.0,Chondrite — Enstatite
Queen Alexandra Range 97912,-84.0,168.0,49.3,1997.0,Chondrite — Ordinary
Frontier Mountain 01095,-72.95333,160.46083,21.6,2001.0,Chondrite — Ordinary
Lewis Cliff 86537,-84.23546,161.53559,17.2,1986.0,Chondrite — Ordinary
El Médano 130,-24.85,-70.53333,43.6,2011.0,Chondrite — Ordinary
Queen Alexandra Range 93119,-84.57597,162.56256,1.1,1993.0,Chondrite — Ordinary
Queen Alexandra Range 99771,-84.0,168.0,0.6,1999.0,Chondrite — Ordinary
Grant County,37.46667,-101.43333,2300.0,1936.0,Chondrite — Ordinary
Elephant Moraine 96321,-76.18333,157.16667,6.3,1996.0,Chondrite — Ordinary
Sayh al Uhaymir 522,20.40702,56.65228,977.8,2009.0,Chondrite — Ordinary
Meteorite Hills 01110,-79.68333,159.75,7.8,2001.0,Chondrite — Ordinary
Ramlat as Sahmah 274,20.58077,56.10287,278.5,2008.0,Chondrite — Ordinary
Hoba,-19.58333,17.91667,60000000.0,1920.0,Iron meteorite
Northwest Africa 6628,0.0,0.0,1700.0,2011.0,Chondrite — Ordinary
Yamato 981716,0.0,0.0,6.88,1998.0,Chondrite — Ordinary
Asuka 881190,-72.0,26.0,193.35,1988.0,Chondrite — Ordinary
Asuka 880999,-72.0,26.0,1591.18,1988.0,Chondrite — Ordinary
Patuxent Range 10320,0.0,0.0,1.1,2010.0,Chondrite — Ordinary
Hammadah al Hamra 033,28.85,13.06667,759.0,1990.0,Chondrite — Ordinary
Yamato 790280,-71.5,35.66667,16.59,1979.0,Chondrite — Ordinary
Sayh al Uhaymir 316,21.005,57.31167,10.0,2004.0,Chondrite — Ordinary
Asuka 881264,-72.0,26.0,17.93,1988.0,Chondrite — Ordinary
Grove Mountains 023784,-72.984722,75.249444,0.66,2003.0,Chondrite — Ordinary
Yamato 792617,-71.5,35.66667,3.04,1979.0,Chondrite — Ordinary
Miller Range 090783,0.0,0.0,68.5,2009.0,Chondrite — Ordinary
Lewis Cliff 87183,-84.27345,161.70253,57.9,1987.0,Chondrite — Ordinary
Queen Alexandra Range 99435,-84.0,168.0,1.3,1999.0,Chondrite — Ordinary
Grove Mountains 020028,-73.07306,75.26889,10.1,2002.0,Chondrite — Ordinary
Miller Range 090729,0.0,0.0,0.6,2009.0,Chondrite — Ordinary
Dar al Gani 1050 ,28.21417,15.55083,265.0,2007.0,Chondrite — Ordinary
Asuka 881958,-72.0,26.0,154.06,1988.0,Chondrite — Ordinary
Yamato 982977,0.0,0.0,186.1,1998.0,Chondrite — Ordinary
Dhofar 701,19.14833,54.80333,220.0,2002.0,Chondrite — Ordinary
Yamato 790222,-71.5,35.66667,1.59,1979.0,Chondrite — Ordinary
Northwest Africa 7268,0.0,0.0,220.0,2012.0,Achondrite — Primitive/Other
Queen Alexandra Range 93080,-84.60295,162.18347,109.2,1993.0,Chondrite — Ordinary
Dhofar 266,18.75783,54.4365,85.6,2001.0,Chondrite — Ordinary
Miller Range 07353,0.0,0.0,50.1,2007.0,Chondrite — Ordinary
Meteorite Hills 01121,-79.68333,159.75,93.1,2001.0,Chondrite — Ordinary
Shişr 026,18.12303,53.75478,396.56,1998.0,Chondrite — Ordinary
Grove Mountains 020287,-72.983889,75.246389,3.33,2003.0,Chondrite — Ordinary
Northwest Africa 7526,0.0,0.0,34.2,2006.0,Chondrite — Ordinary
Tanezrouft 044,25.53444,0.09444,79.0,1992.0,Chondrite — Ordinary
Lewis Cliff 86444,-84.27411,161.67816,14.8,1986.0,Chondrite — Ordinary
Yamato 74383,0.0,35.66667,3.07,1974.0,Chondrite — Ordinary
Elephant Moraine 96329,-76.18333,157.16667,10.0,1996.0,Chondrite — Ordinary
Queen Alexandra Range 97939,-84.0,168.0,5.3,1997.0,Chondrite — Ordinary
Yamato 983966,0.0,0.0,40.36,1998.0,Chondrite — Ordinary
Jiddat al Harasis 688,19.47695,55.48955,24.4,2011.0,Chondrite — Ordinary
Frontier Mountain 90229,-72.95528,160.44056,4.38,1990.0,Chondrite — Ordinary
Queen Alexandra Range 93727,-84.0,168.0,36.3,1993.0,Chondrite — Ordinary
Yamato 792893,-71.5,35.66667,24.39,1979.0,Chondrite — Ordinary
Lewis Cliff 87265,-84.27251,161.71862,9.4,1987.0,Chondrite — Ordinary
Tatum,33.23333,-103.44167,1787.0,1938.0,Chondrite — Ordinary
Reckling Peak 92401,-76.24068,158.15472,7.0,1992.0,Chondrite — Carbonaceous
Meteorite Hills 00840,-79.68333,159.75,10.5,2000.0,Chondrite — Ordinary
Yamato 792948,-71.5,35.66667,39.57,1979.0,Chondrite — Ordinary
Northwest Africa 7063,0.0,0.0,188.0,2009.0,Chondrite — Ordinary
Camel Donga 050,-30.1085,126.52717,19.9,1993.0,Chondrite — Ordinary
Kress (c),34.33833,-101.71667,5600.0,1978.0,Chondrite — Ordinary
Miller Range 07019,0.0,0.0,1669.2,2007.0,Chondrite — Ordinary
Jiddat al Harasis 411,19.67742,56.60385,159.4,2007.0,Chondrite — Ordinary
Yamato 790553,-71.5,35.66667,32.95,1979.0,Chondrite — Ordinary
Lewis Cliff 93883,-84.26789,161.40298,3.7,1993.0,Chondrite — Ordinary
Elephant Moraine 92134,-76.04838,155.85669,7.3,1992.0,Chondrite — Ordinary
Dhofar 1261,18.733472,54.515083,445.6,2005.0,Chondrite — Ordinary
Elephant Moraine 99439,-76.18333,157.16667,9.3,1999.0,Chondrite — Ordinary
Queen Alexandra Range 99615,-84.0,168.0,46.9,1999.0,Chondrite — Ordinary
Meteorite Hills 00649,-79.68333,155.75,20.58,2000.0,Chondrite — Ordinary
Meteorite Hills 00561,-79.68333,155.75,80.19,2000.0,Chondrite — Ordinary
Yamato 982425,0.0,0.0,21.3,1998.0,Chondrite — Ordinary
Queen Alexandra Range 99855,-84.0,168.0,12.1,1999.0,Chondrite — Ordinary
Miller Range 090757,0.0,0.0,5.3,2009.0,Chondrite — Ordinary
Lewis Cliff 88462,-84.25012,161.38838,8.1,1988.0,Chondrite — Ordinary
Acfer 274,27.63389,4.18722,203.0,1991.0,Chondrite — Ordinary
Yamato 86179,-71.5,35.66667,0.87,1986.0,Chondrite — Ordinary
Allan Hills A81017,-76.77361,159.2775,1434.4,1981.0,Chondrite — Ordinary
Elephant Moraine 83291,-76.32056,157.26139,4.7,1983.0,Chondrite — Ordinary
Allan Hills A80121,-76.71,159.36917,39.1,1980.0,Chondrite — Ordinary
Allan Hills A81310,-76.69194,159.39055,0.7,1981.0,Chondrite — Ordinary
Yamato 75058,-71.5,35.66667,2.32,1975.0,Chondrite — Ordinary
Bethel (b),34.24667,-103.395,56.8,1968.0,Chondrite — Ordinary
Yamato 791289,-71.5,35.66667,3.96,1979.0,Chondrite — Ordinary
Lewis Cliff 88035,-84.25082,161.40318,6.1,1988.0,Chondrite — Ordinary
Lewis Cliff 85431,-84.2813,161.39741,29.6,1985.0,Chondrite — Ordinary
Asuka 880761,-72.0,26.0,65.44,1988.0,Achondrite — HED
Elephant Moraine 92032,-76.04065,156.10743,693.7,1992.0,Chondrite — Ordinary
Salla,66.8,28.45,7000.0,1963.0,Chondrite — Ordinary
Yamato 792919,-71.5,35.66667,106.08,1979.0,Chondrite — Ordinary
Rowena,-29.8,148.63333,34700.0,1962.0,Chondrite — Ordinary
Yamato 984025,0.0,0.0,6.56,1998.0,Chondrite — Ordinary
Meteorite Hills 00629,-79.68333,155.75,17.64,2000.0,Chondrite — Ordinary
Grove Mountains 021684,-72.775,75.320833,6.65,2003.0,Chondrite — Ordinary
Lewis Cliff 86118,-84.25729,161.39368,29.7,1986.0,Chondrite — Ordinary
Queen Alexandra Range 93174,-84.57596,162.56264,3.3,1993.0,Chondrite — Ordinary
Grove Mountains 022404,-72.773611,75.342778,6.85,2003.0,Chondrite — Ordinary
Elephant Moraine 87588,-76.2738,156.51366,28.5,1987.0,Chondrite — Ordinary
Yamato 792686,-71.5,35.66667,39.87,1979.0,Chondrite — Ordinary
Queen Alexandra Range 93197,-84.5935,162.30936,105.0,1993.0,Chondrite — Ordinary
Sayh al Uhaymir 024,21.11533,57.22117,268.0,1999.0,Chondrite — Ordinary
Northwest Africa 3199,0.0,0.0,2.6,2004.0,Achondrite — HED
Yamato 790803,-71.5,35.66667,15.67,1979.0,Chondrite — Ordinary
Miller Range 07256,0.0,0.0,0.4,2007.0,Chondrite — Ordinary
Dominion Range 08326,0.0,0.0,19.1,2008.0,Chondrite — Ordinary
Yamato 982076,0.0,0.0,9.36,1998.0,Chondrite — Ordinary
Zinder,13.78333,8.96667,46.0,1999.0,Stony-iron
Northwest Africa 5108,0.0,0.0,23.0,2001.0,Chondrite — Ordinary
Murphy,35.1,-84.03333,7700.0,1899.0,Iron meteorite
Dar al Gani 385,27.4445,16.27433,447.0,1997.0,Chondrite — Ordinary
Hugoton,37.2,-101.35,350000.0,1927.0,Chondrite — Ordinary
Yamato 82077,-71.5,35.66667,99.54,1982.0,Chondrite — Ordinary
Yamato 74566,0.0,35.66667,11.4,1974.0,Chondrite — Ordinary
Dhofar 1676,19.43382,54.69043,13.23,2011.0,Chondrite — Ordinary
Northwest Africa 5280,0.0,0.0,557.0,2007.0,Chondrite — Ordinary
Yorktown (Texas),28.95,-97.40278,3500.0,1957.0,Chondrite — Ordinary
Meteorite Hills 00669,-79.68333,159.75,14.3,2000.0,Chondrite — Ordinary
Jiddat al Harasis 078,19.91448,55.66278,882.7,2003.0,Chondrite — Ordinary
Yamato 86046,-71.5,35.66667,26.32,1986.0,Chondrite — Ordinary
Grove Mountains 090752,-72.89144,74.9485,25.15,2010.0,Chondrite — Ordinary
Yamato 86216,-71.5,35.66667,6.32,1986.0,Chondrite — Ordinary
Dominion Range 08191,0.0,0.0,19.2,2008.0,Chondrite — Ordinary
Meteorite Hills 00461,-79.68333,159.75,518.0,2000.0,Chondrite — Ordinary
Chilkoot,59.33333,-136.0,43000.0,1881.0,Iron meteorite
Yamato 75039,-71.5,35.66667,0.96,1975.0,Chondrite — Ordinary
El Médano 145,-24.85,-70.53333,20.4,2011.0,Chondrite — Ordinary
Queen Alexandra Range 94351,-84.0,168.0,5.2,1994.0,Chondrite — Ordinary
Yamato 74460,0.0,35.66667,2.0,1974.0,Chondrite — Ordinary
Northwest Africa 5567,0.0,0.0,21.0,2005.0,Chondrite — Ordinary
Dhofar 947,18.35333,54.235,170.0,2002.0,Chondrite — Ordinary
Yamato 790813,-71.5,35.66667,9.17,1979.0,Chondrite — Ordinary
Queen Alexandra Range 90200,-84.59784,162.25299,9216.7,1990.0,Chondrite — Ordinary
Yamato 983792,0.0,0.0,5.92,1998.0,Chondrite — Ordinary
Yamato 791793,-71.5,35.66667,53.14,1979.0,Chondrite — Ordinary
Frontier Mountain 09018,-72.95275,160.4837,41.4,2009.0,Chondrite — Ordinary
Grove Mountains 020089,-73.00361,75.25139,4.56,2003.0,Chondrite — Ordinary
Aoufous,31.66667,-4.06667,195.0,2000.0,Achondrite — HED
Bowesmont (b),48.78333,-97.35,1300.0,1972.0,Chondrite — Ordinary
Lewis Cliff 87104,-84.34184,161.40539,9.6,1987.0,Chondrite — Ordinary
Meteorite Hills 001116,-79.68333,159.75,23.1,2000.0,Chondrite — Ordinary
Queen Alexandra Range 93468,-84.0,168.0,11.5,1993.0,Chondrite — Ordinary
Larkman Nunatak 06325,0.0,0.0,257.4,2006.0,Chondrite — Ordinary
Yamato 74449,-71.5,35.66667,4.04,1974.0,Chondrite — Ordinary
Camel Donga 025,-30.09867,126.88533,2.58,1994.0,Chondrite — Ordinary
Miller Range 090474,0.0,0.0,20.0,2009.0,Chondrite — Carbonaceous
Lewis Cliff 88491,-84.25027,161.38805,5.8,1988.0,Chondrite — Ordinary
Elephant Moraine 90111,-76.27172,156.45039,74.4,1990.0,Chondrite — Ordinary
Grove Mountains 022891,-72.774722,75.313056,2.49,2003.0,Chondrite — Ordinary
Queen Alexandra Range 93560,-84.0,168.0,36.1,1993.0,Chondrite — Ordinary
Yarle Lakes 002,-30.36417,131.3745,500.0,1991.0,Chondrite — Ordinary
Ramlat al Wahibah 012,21.16743,58.41087,23.11,2006.0,Chondrite — Ordinary
Plains,33.28333,-102.76667,34300.0,1964.0,Chondrite — Ordinary
Miller Range 090859,0.0,0.0,70.2,2009.0,Chondrite — Ordinary
Allan Hills A78183,-76.71667,159.66667,10.49,1977.0,Chondrite — Ordinary
Dar al Gani 649,27.26056,16.0075,310.0,1999.0,Chondrite — Ordinary
Elephant Moraine 87551,-76.05056,156.44307,476.0,1987.0,Chondrite — Ordinary
Queen Alexandra Range 94416,-84.0,168.0,91.1,1994.0,Chondrite — Ordinary
Allan Hills A77210,-76.71667,159.66667,5.93,1977.0,Chondrite — Ordinary
Yamato 793306,-71.5,35.66667,2.14,1979.0,Chondrite — Ordinary
Northwest Africa 5559,0.0,0.0,64.5,2008.0,Chondrite — Ordinary
Miller Range 07556,0.0,0.0,5.6,2007.0,Chondrite — Ordinary
Frontier Mountain 97008,-72.95278,160.44083,14.9,1997.0,Chondrite — Ordinary
Yamato 791513,-71.5,35.66667,3.97,1979.0,Chondrite — Ordinary
Dhofar 1413,19.14068,54.67448,40.2,2001.0,Chondrite — Ordinary
Northwest Africa 5880,0.0,0.0,261.0,2009.0,Chondrite — Ordinary
Yamato 74194,-71.5,35.66667,4.78,1974.0,Chondrite — Ordinary
Northwest Africa 6280,0.0,0.0,135.0,2010.0,Chondrite — Rumuruti (R)
Meteorite Hills 00863,-79.68333,159.75,46.1,2000.0,Chondrite — Ordinary
Yamato 983646,0.0,0.0,7.27,1998.0,Chondrite — Ordinary
Yamato 984099,0.0,0.0,6.81,1998.0,Chondrite — Ordinary
Miller Range 090776,0.0,0.0,2.3,2009.0,Chondrite — Ordinary
Grove Mountains 021585,-72.963333,75.255833,4.16,2003.0,Chondrite — Ordinary
Elephant Moraine 90077,-76.26659,156.46244,65.3,1990.0,Chondrite — Ordinary
Northwest Africa 7335,0.0,0.0,4908.0,2009.0,Iron meteorite
Jiddat al Harasis 655,19.82982,56.4428,56.0,2011.0,Chondrite — Ordinary
Dominion Range 08387,0.0,0.0,5.7,2008.0,Chondrite — Ordinary
Lewis Cliff 88703,-84.272,161.36517,9.9,1988.0,Chondrite — Ordinary
Queen Alexandra Range 93505,-84.0,168.0,19.9,1993.0,Chondrite — Ordinary
Yamato 86616,-71.5,35.66667,0.77,1986.0,Chondrite — Ordinary
Miller Range 07155,0.0,0.0,91.6,2007.0,Chondrite — Ordinary
Queen Alexandra Range 97735,-84.0,168.0,25.6,1997.0,Chondrite — Ordinary
Hammadah al Hamra 302,28.53683,13.312,1514.0,2000.0,Chondrite — Ordinary
Allan Hills 83011,-76.69389,159.3875,213.3,1983.0,Chondrite — Ordinary
Kamioka,39.51667,140.36667,30.0,1921.0,Chondrite — Ordinary
Lewis Cliff 86383,-84.27373,161.69317,10.5,1986.0,Chondrite — Ordinary
Queen Alexandra Range 93686,-84.0,168.0,13.1,1993.0,Chondrite — Ordinary
Northwest Africa 022,29.91667,-5.58333,30.0,1999.0,Chondrite — Ordinary
Grove Mountains 054366,-72.776111,75.334722,0.77,2006.0,Chondrite — Ordinary
El Médano 176,-24.85,-70.53333,64.0,2011.0,Chondrite — Ordinary
Elephant Moraine 96129,-76.18333,157.16667,66.7,1996.0,Chondrite — Ordinary
Nurina 007,-30.46867,126.39133,15.9,1993.0,Chondrite — Ordinary
Yamato 983577,0.0,0.0,3.47,1998.0,Chondrite — Ordinary
Queen Alexandra Range 97791,-84.0,168.0,6.6,1997.0,Chondrite — Ordinary
Queen Alexandra Range 97976,-84.0,168.0,68.6,1997.0,Chondrite — Ordinary
Lewis Cliff 86298,-84.27376,161.69017,7.2,1986.0,Chondrite — Ordinary
Northwest Africa 5389,0.0,0.0,616.0,2006.0,Chondrite — Ordinary
Yamato 791621,-71.5,35.66667,2.44,1979.0,Chondrite — Ordinary
Catalina 035,-25.23333,-69.71667,904.0,2011.0,Chondrite — Ordinary
Grove Mountains 022434,-72.774167,75.325,1.22,2003.0,Chondrite — Ordinary
Yamato 984047,0.0,0.0,19.28,1998.0,Chondrite — Ordinary
Queen Alexandra Range 97472,-84.0,168.0,17.1,1997.0,Chondrite — Ordinary
Lewis Cliff 85449,-84.2806,161.393,11.9,1985.0,Chondrite — Ordinary
Dhofar 446,18.93805,54.68658,12400.0,2001.0,Chondrite — Ordinary
Miller Range 090686,0.0,0.0,1.3,2009.0,Chondrite — Carbonaceous
Yamato 7305,-71.5,35.66667,900.0,1973.0,Chondrite — Ordinary
Wisconsin Range 90301,-84.75,-125.0,805.9,1990.0,Chondrite — Ordinary
Yamato 74581,0.0,35.66667,11.5,1974.0,Chondrite — Ordinary
Dhofar 1672,18.73244,54.37936,7.49,2011.0,Chondrite — Ordinary
Yamato 793241,-71.5,35.66667,938.0,1979.0,Chondrite — Ordinary
Frontier Mountain 90141,-72.9531,160.43934,2.1,1990.0,Chondrite — Ordinary
Yamato 983219,0.0,0.0,12.35,1998.0,Chondrite — Ordinary
Elephant Moraine 87673,-76.28339,156.43525,3.8,1987.0,Chondrite — Ordinary
Yamato 983457,0.0,0.0,31.15,1998.0,Chondrite — Ordinary
Asuka 881997,-72.0,26.0,152.48,1988.0,Chondrite — Ordinary
Meteorite Hills 01113,-79.68333,159.75,97.4,2001.0,Chondrite — Ordinary
Cuddeback Dry Lake 017,35.28528,-117.48305,23.1,2008.0,Chondrite — Ordinary
Clipperton,11.7,-137.8,277.0,1986.0,Chondrite — Ordinary
Dar al Gani 069,27.04767,16.4515,110.0,1995.0,Chondrite — Ordinary
Lewis Cliff 86215,-84.27394,161.68562,123.3,1986.0,Chondrite — Ordinary
Yamato 983509,0.0,0.0,30.75,1998.0,Chondrite — Ordinary
Yamato 791993,-71.5,35.66667,39.91,1979.0,Chondrite — Ordinary
Asuka 880757,-72.0,26.0,90.28,1988.0,Chondrite — Ordinary
Yamato 790801,-71.5,35.66667,12.31,1979.0,Chondrite — Ordinary
Allan Hills A81030,-76.70139,159.38861,1851.6,1981.0,Chondrite — Ordinary
Dhofar 401,19.30018,54.5332,1304.0,2001.0,Chondrite — Ordinary
Yamato 790831,-71.5,35.66667,6.99,1979.0,Chondrite — Ordinary
Lewis Cliff 88272,-84.23772,161.48392,3.1,1988.0,Chondrite — Ordinary
Queen Alexandra Range 94667,-84.0,168.0,32.1,1994.0,Chondrite — Ordinary
Yamato 982892,0.0,0.0,3.62,1998.0,Chondrite — Ordinary
El Atchane 009,30.13028,4.48306,91.0,1991.0,Chondrite — Ordinary
Pecora Escarpment 91147,-85.67645,-69.05236,2.8,1991.0,Chondrite — Carbonaceous
Yamato 982788,0.0,0.0,4.43,1998.0,Chondrite — Ordinary
Yamato 790418,-71.5,35.66667,44.94,1979.0,Chondrite — Ordinary
Yamato 82162,-71.5,35.66667,41.73,1982.0,Chondrite — Carbonaceous
Queen Alexandra Range 99127,-84.0,168.0,8.4,1999.0,Chondrite — Ordinary
Allan Hills 83056,-76.82197,158.21415,1.4,1983.0,Chondrite — Ordinary
Queen Alexandra Range 02172,-84.0,168.0,11.5,2002.0,Chondrite — Ordinary
Dar al Gani 021,27.07717,16.193,83.0,1995.0,Chondrite — Ordinary
Dhofar 984,19.19733,54.91717,33.0,2004.0,Chondrite — Ordinary
Yamato 982926,0.0,0.0,3.35,1998.0,Chondrite — Ordinary
Yamato 790138,-71.5,35.66667,39.32,1979.0,Chondrite — Ordinary
Queretaro,20.63333,-100.38333,5000.0,1971.0,Chondrite — Ordinary
Meteorite Hills 00889,-79.68333,155.75,36.12,2000.0,Chondrite — Ordinary
Meteorite Hills 01157,-79.68333,159.75,3.8,2001.0,Chondrite — Ordinary
Meteorite Hills 96534,-79.68333,159.75,51.5,1996.0,Chondrite — Ordinary
Allan Hills 09012,0.0,0.0,18.1,2009.0,Chondrite — Ordinary
Queen Alexandra Range 97622,-84.0,168.0,2.9,1997.0,Chondrite — Ordinary
Grove Mountains 021592,-72.85222,75.21944,3.88,2003.0,Chondrite — Ordinary
Meteorite Hills 001030,-79.68333,159.75,20.7,2000.0,Chondrite — Ordinary
Queen Alexandra Range 971032,-84.0,168.0,2.1,1997.0,Chondrite — Ordinary
Dominion Range 08392,0.0,0.0,79.09999999999998,2008.0,Chondrite — Ordinary
Elephant Moraine 90258,-76.28716,156.44689,10.5,1990.0,Chondrite — Ordinary
Pecora Escarpment 91060,-85.68265,-68.74337,352.4,1991.0,Chondrite — Ordinary
Miller Range 090064,0.0,0.0,416.9,2009.0,Chondrite — Ordinary
Asuka 880725,-72.0,26.0,48.72,1988.0,Chondrite — Ordinary
Salt Lake City,40.91667,-111.66667,875.0,1869.0,Chondrite — Ordinary
Yamato 982763,0.0,0.0,11.74,1998.0,Chondrite — Ordinary
Lewis Cliff 85439,-84.28082,161.36321,2.7,1985.0,Chondrite — Ordinary
El Médano 078,-24.85,-70.53333,1228.0,2011.0,Chondrite — Ordinary
Yamato 982350,0.0,0.0,4.56,1998.0,Chondrite — Ordinary
Frontier Mountain 90119,-72.95605,160.43857,3.0,1991.0,Chondrite — Ordinary
Northwest Africa 6646,0.0,0.0,1700.0,2011.0,Chondrite — Ordinary
Dar al Gani 296,27.29133,16.21333,384.0,1997.0,Chondrite — Ordinary
Jiddat al Harasis 415,19.81462,56.52998,304.246,2007.0,Chondrite — Ordinary
Lewis Cliff 88661,-84.27504,161.39797,5.2,1988.0,Chondrite — Ordinary
Yamato 983245,0.0,0.0,9.15,1998.0,Chondrite — Ordinary
Al Huqf 005,19.84057,57.00848,763.29,2002.0,Chondrite — Ordinary
Meteorite Hills 00934,-79.68333,159.75,30.3,2000.0,Chondrite — Ordinary
St. Francis Bay,-25.06667,14.88333,531.6,1976.0,Chondrite — Ordinary
Queen Alexandra Range 97261,-84.0,168.0,47.2,1997.0,Chondrite — Ordinary
Northwest Africa 5363,0.0,0.0,2455.0,2008.0,Chondrite — Other
Grove Mountains 050129,-72.98306,75.25778,18.88,2006.0,Chondrite — Ordinary
Yamato 74041,-71.5,35.66667,1.79,1974.0,Chondrite — Ordinary
Yamato 790518,-71.5,35.66667,91.59,1979.0,Chondrite — Ordinary
Catalina 026,-25.23333,-69.71667,845.0,2009.0,Chondrite — Ordinary
Miller Range 090837,0.0,0.0,7.4,2009.0,Chondrite — Ordinary
Harriman (Om),35.95,-84.56667,13000.0,1938.0,Iron meteorite
Lewis Cliff 88336,-84.23856,161.42519,29.8,1988.0,Chondrite — Ordinary
Grove Mountains 022823,-72.77361,75.33722,0.69,2003.0,Chondrite — Ordinary
Northwest Africa 6420,0.0,0.0,371.0,2010.0,Achondrite — HED
Elephant Moraine 96104,-76.18333,157.16667,26.5,1996.0,Chondrite — Ordinary
Elephant Moraine 92060,-76.05945,155.8646,49.1,1992.0,Chondrite — Ordinary
Lewis Cliff 86522,-84.27116,161.35147,42.7,1986.0,Chondrite — Ordinary
Queen Alexandra Range 97973,-84.0,168.0,39.3,1997.0,Chondrite — Ordinary
Grove Mountains 020015,-73.12139,75.10639,10.1,2002.0,Chondrite — Carbonaceous
Meteorite Hills 01238,-79.68333,159.75,12.9,2001.0,Chondrite — Ordinary
Yamato 982192,0.0,0.0,5.75,1998.0,Chondrite — Ordinary
Yamato 983449,0.0,0.0,4.95,1998.0,Chondrite — Ordinary
Yamato 981575,0.0,0.0,11.86,1998.0,Chondrite — Ordinary
Yamato 983139,0.0,0.0,16.9,1998.0,Chondrite — Ordinary
Lewis Cliff 88044,-84.24712,161.45428,7.9,1988.0,Chondrite — Ordinary
Asuka 880766,-72.0,26.0,25.24,1988.0,Chondrite — Ordinary
Roosevelt County 068,34.1,-103.48333,13.9,1988.0,Chondrite — Ordinary
Frontier Mountain 99018,-72.99417,160.39944,10.1,1999.0,Chondrite — Ordinary
Yamato 790075,-71.5,35.66667,9.24,1979.0,Chondrite — Ordinary
Northwest Africa 4966,0.0,0.0,416.0,2007.0,Chondrite — Carbonaceous
Allan Hills A77024,-76.71667,159.66667,10.75,1977.0,Chondrite — Ordinary
Northwest Africa 5843,0.0,0.0,439.0,2007.0,Chondrite — Ordinary
Queen Alexandra Range 97839,-84.0,168.0,37.6,1997.0,Chondrite — Ordinary
Yamato 982795,0.0,0.0,3.58,1998.0,Chondrite — Ordinary
Elephant Moraine 87757,-76.18333,157.16667,54.8,1987.0,Chondrite — Ordinary
Elephant Moraine 90411,-76.28748,156.45385,16.3,1990.0,Chondrite — Ordinary
MacAlpine Hills 88200,-84.21667,160.5,35.1,1988.0,Chondrite — Ordinary
Pecora Escarpment 91077,-85.69629,-69.07182,18.3,1991.0,Achondrite — HED
Al Huwaysah 003,22.74862,55.37323,273.05,2010.0,Chondrite — Ordinary
Yamato 791663,-71.5,35.66667,50.42,1979.0,Chondrite — Ordinary
Miller Range 07621,0.0,0.0,5.2,2007.0,Chondrite — Carbonaceous
Palo Blanco Creek,36.5,-104.5,1482.0,1954.0,Achondrite — HED
Meteorite Hills 00445,-79.68333,155.75,1631.5,2000.0,Chondrite — Ordinary
Chebankol,53.66667,88.0,127760.0,1938.0,Iron meteorite
Dar al Gani 332,27.10467,16.00867,280.0,1997.0,Chondrite — Carbonaceous
Lewis Cliff 88183,-84.27162,161.36108,17.5,1988.0,Chondrite — Ordinary
Yamato 86497,-71.5,35.66667,2.17,1986.0,Chondrite — Ordinary
Adrar Bous,20.5,9.0,360.0,2001.0,Chondrite — Enstatite
Meteorite Hills 00753,-79.68333,155.75,7.5,2000.0,Chondrite — Ordinary
Queen Alexandra Range 99627,-84.0,168.0,3.4,1999.0,Chondrite — Ordinary
Dhofar 1601,19.185,54.631,1166.0,2003.0,Chondrite — Ordinary
Lewis Cliff 86468,-84.28333,161.08333,11.5,1986.0,Chondrite — Ordinary
Meteorite Hills 96506,-79.68333,159.75,363.5,1996.0,Chondrite — Ordinary
Miller Range 99303,-83.25,157.0,613.4,1999.0,Chondrite — Ordinary
Dhofar 1426,19.173,54.70407,42850.0,2001.0,Chondrite — Ordinary
Lewis Cliff 87136,-84.25435,161.41602,4.0,1987.0,Chondrite — Ordinary
Asuka 881170,-72.0,26.0,26.41,1988.0,Achondrite — HED
Roosevelt County 022,34.21667,-103.28333,8.7,1983.0,Chondrite — Ordinary
Lewis Cliff 88515,-84.24937,161.39739,7.6,1988.0,Chondrite — Ordinary
Queen Alexandra Range 93077,-84.57179,162.13581,32.2,1993.0,Chondrite — Ordinary
Yamato 792575,-71.5,35.66667,4.89,1979.0,Chondrite — Ordinary
Miller Range 07259,0.0,0.0,3.5,2007.0,Achondrite — Primitive/Other
Noktat Addagmar,25.7025,-10.78167,779.0,2006.0,Chondrite — Ordinary
Yamato 7303,-71.5,35.66667,3.5,1973.0,Chondrite — Ordinary
Yamato 86116,-71.5,35.66667,3.78,1986.0,Chondrite — Ordinary
Reckling Peak 92409,-76.2201,158.37606,72.2,1992.0,Chondrite — Ordinary
Dominion Range 08185,0.0,0.0,49.3,2008.0,Chondrite — Ordinary
Northwest Africa 5220,0.0,0.0,135.0,2007.0,Chondrite — Ordinary
Grove Mountains 021613,-72.773889,75.336944,1.3,2003.0,Chondrite — Ordinary
Grove Mountains 023101,-72.774444,75.321667,1.07,2003.0,Chondrite — Ordinary
Yamato 790254,-71.5,35.66667,92.26,1979.0,Chondrite — Ordinary
Yamato 791072,-71.5,35.66667,11.4,1979.0,Achondrite — HED
Elephant Moraine 90829,-76.28958,156.4563,7.6,1990.0,Chondrite — Ordinary
Bou Kra 005,26.819,-12.724,31.14,2010.0,Chondrite — Carbonaceous
Asuka 881437,-72.0,26.0,138.36,1988.0,Chondrite — Ordinary
Elephant Moraine 92094,-76.04799,156.09201,16.7,1992.0,Chondrite — Carbonaceous
Jiddat al Harasis 544,19.54752,55.16568,78.8,2008.0,Chondrite — Ordinary
Asuka 881865,-72.0,26.0,19.62,1988.0,Chondrite — Ordinary
Yamato 790895,-71.5,35.66667,2.1,1979.0,Chondrite — Ordinary
Elephant Moraine 90472,-76.27154,156.42026,78.3,1990.0,Chondrite — Ordinary
Yamato 792851,-71.5,35.66667,0.94,1979.0,Chondrite — Ordinary
Miller Range 090216,0.0,0.0,3.6,2009.0,Chondrite — Carbonaceous
Queen Alexandra Range 93332,-84.60357,162.16723,0.7,1993.0,Chondrite — Ordinary
Grove Mountains 023270,-72.77361,75.32028,0.47,2003.0,Chondrite — Ordinary
Miller Range 090128,0.0,0.0,160.3,2009.0,Chondrite — Carbonaceous
Elephant Moraine 90560,-76.28234,156.47428,28.1,1990.0,Chondrite — Ordinary
Patuxent Range 10286,0.0,0.0,6.0,2010.0,Chondrite — Ordinary
Patuxent Range 10287,0.0,0.0,1.8,2010.0,Chondrite — Ordinary
Grove Mountains 054137,-72.79278,75.27472,1.18,2006.0,Chondrite — Ordinary
Dar al Gani 770,26.89583,16.57233,84.6,1999.0,Chondrite — Ordinary
Allan Hills A81202,-76.69472,159.38417,5.4,1981.0,Chondrite — Ordinary
Yamato 75238,-71.5,35.66667,0.51,1975.0,Chondrite — Ordinary
Queen Alexandra Range 02171,-84.0,168.0,15.35,2002.0,Chondrite — Ordinary
Dhofar 574,18.7281,54.38103,687.0,2001.0,Chondrite — Ordinary
Queen Alexandra Range 93555,-84.0,168.0,1.2,1993.0,Chondrite — Ordinary
Queen Alexandra Range 97406,-84.0,168.0,16.0,1997.0,Chondrite — Ordinary
MacAlpine Hills 02475,-84.21667,160.5,6.63,2002.0,Chondrite — Ordinary
Grosvenor Mountains 95604,-85.66667,175.0,153.2,1995.0,Chondrite — Ordinary
Miller Range 07048,0.0,0.0,222.2,2007.0,Chondrite — Ordinary
Frontier Mountain 90046,-72.95596,160.43857,9.46,1990.0,Chondrite — Ordinary
Queen Alexandra Range 99698,-84.0,168.0,3.4,1999.0,Chondrite — Ordinary
Walnut Hill,43.827,-70.24717,220.0,1978.0,Other / Ungrouped
Queen Alexandra Range 93010,-84.63092,162.50513,6214.9,1993.0,Chondrite — Ordinary
Mundrabilla 016,-30.12167,127.38683,4.41,1992.0,Chondrite — Ordinary
Majuba 007,40.61667,-118.38472,1823.3,2007.0,Chondrite — Ordinary
Lewis Cliff 87147,-84.36245,161.37431,5.7,1987.0,Chondrite — Ordinary
Dhofar 284,18.46333,54.03,1337.0,2001.0,Chondrite — Ordinary
Pecora Escarpment 91237,-85.67709,-68.28907,11.8,1991.0,Chondrite — Ordinary
Dar al Gani 985,26.97333,16.54167,96.0,2002.0,Chondrite — Ordinary
Yamato 981116,0.0,0.0,13.47,1998.0,Chondrite — Ordinary
Yamato 793411,-71.5,35.66667,48.92,1979.0,Chondrite — Ordinary
Jiddat al Harasis 434,19.75612,56.31647,186.426,2007.0,Chondrite — Ordinary
Grove Mountains 022553,-72.773611,75.341389,2.12,2003.0,Chondrite — Ordinary
Asuka 881225,-72.0,26.0,452.33,1988.0,Chondrite — Ordinary
Dar al Gani 599,26.916,16.67317,781.0,1998.0,Chondrite — Ordinary
El Médano 144,-24.85,-70.53333,87.0,2011.0,Chondrite — Ordinary
Miller Range 090390,0.0,0.0,18.6,2009.0,Chondrite — Ordinary
Grove Mountains 021729,-72.78972,75.29028,2.97,2003.0,Achondrite — Primitive/Other
Dominion Range 08041,0.0,0.0,145.8,2008.0,Chondrite — Ordinary
Yamato 791179,-71.5,35.66667,7.89,1979.0,Chondrite — Ordinary
Elephant Moraine 92193,-76.04222,155.94038,22000.0,1992.0,Chondrite — Ordinary
Jiddat al Harasis 796,19.80861,55.74861,22.8,,Chondrite — Ordinary
Yamato 793399,-71.5,35.66667,9.6,1979.0,Chondrite — Ordinary
Grove Mountains 021819,-72.77722,75.33806,1.34,2003.0,Chondrite — Ordinary
Northwest Africa 7249,0.0,0.0,6760.0,2012.0,Chondrite — Ordinary
Yamato 793309,-71.5,35.66667,1.59,1979.0,Chondrite — Ordinary
Yamato 74441,-71.72361,35.74167,27.4,1974.0,Chondrite — Ordinary
Queen Alexandra Range 93238,-84.60625,162.12264,27.8,1993.0,Chondrite — Ordinary
Meteorite Hills 00958,-79.68333,159.75,7.0,2000.0,Chondrite — Ordinary
Lewis Cliff 87081,-84.2533,161.39064,24.3,1987.0,Chondrite — Ordinary
Grove Mountains 020153,-72.98056,75.26417,1.6,2003.0,Chondrite — Ordinary
Dhofar 479,19.20111,54.65194,2512.0,2001.0,Chondrite — Ordinary
Algarrobo,-27.08333,-70.58333,1280.0,1959.0,Iron meteorite
Hammadah al Hamra 030,28.76667,12.83333,21.0,1990.0,Chondrite — Ordinary
Dominion Range 10358,0.0,0.0,30.7,2010.0,Chondrite — Ordinary
Queen Alexandra Range 93690,-84.0,168.0,7.5,1993.0,Chondrite — Ordinary
Yamato 74495,0.0,35.66667,220.2,1974.0,Chondrite — Ordinary
Grove Mountains 020075,-72.99583,75.20667,32.2,2003.0,Chondrite — Ordinary
Larkman Nunatak 06326,0.0,0.0,272.2,2006.0,Chondrite — Ordinary
Grove Mountains 020125,-72.97944,75.26028,2.1,2003.0,Chondrite — Ordinary
Lewis Cliff 88729,-84.23198,161.5134,10.1,1988.0,Chondrite — Ordinary
Yamato 86153,-71.5,35.66667,1.28,1986.0,Chondrite — Ordinary
Araslanovo,55.14167,48.2,132000.0,1973.0,Chondrite — Ordinary
Dar al Gani 722,27.06667,16.06667,57.0,1999.0,Chondrite — Ordinary
Queen Alexandra Range 99017,-84.0,168.0,4999.0,1999.0,Chondrite — Ordinary
Dar al Gani 300,26.94467,16.17933,118.0,1997.0,Chondrite — Ordinary
Dhofar 1002,18.55905,54.09825,61.82,2001.0,Chondrite — Ordinary
Grove Mountains 020147,-72.9775,75.26528,2.9,2003.0,Chondrite — Ordinary
Grosvenor Mountains 95554,-85.66667,175.0,201.9,1995.0,Chondrite — Ordinary
Yamato 790785,-71.5,35.66667,177.83,1979.0,Chondrite — Ordinary
Grosvenor Mountains 95635,-85.66667,175.0,75.5,1995.0,Chondrite — Ordinary
Queen Alexandra Range 94636,-84.0,168.0,8.1,1994.0,Chondrite — Ordinary
Yamato 791469,-71.5,35.66667,5.09,1979.0,Chondrite — Ordinary
Northwest Africa 5691,0.0,0.0,259.0,2009.0,Achondrite — HED
Dar al Gani 634,27.37083,15.99133,160.0,1998.0,Chondrite — Ordinary
Elephant Moraine 96057,-76.18333,157.16667,199.7,1996.0,Chondrite — Ordinary
Northwest Africa 7842,0.0,0.0,365.0,2012.0,Chondrite — Ordinary
Lewis Cliff 86117,-84.25718,161.47882,13.5,1986.0,Chondrite — Ordinary
Frontier Mountain 01132,-72.9925,160.4,4.6,2001.0,Chondrite — Ordinary
Miller Range 07619,0.0,0.0,8.8,2007.0,Chondrite — Ordinary
Queen Alexandra Range 94599,-84.0,168.0,22.7,1994.0,Chondrite — Ordinary
Jiddat al Harasis 684,19.74373,55.57045,30.9,2011.0,Chondrite — Ordinary
Meteorite Hills 001111,-79.68333,159.75,36.2,2000.0,Chondrite — Ordinary
Allan Hills A78143,-76.71667,159.66667,2.23,1977.0,Chondrite — Ordinary
Lewis Cliff 88475,-84.24749,161.46423,9.7,1988.0,Chondrite — Ordinary
Miller Range 07564,0.0,0.0,5.8,2007.0,Chondrite — Ordinary
Pecora Escarpment 91167,-85.68627,-68.93891,37.9,1991.0,Chondrite — Ordinary
Yamato 793460,-71.5,35.66667,7.62,1979.0,Chondrite — Ordinary
Acfer 380,27.76667,4.41667,849.0,2002.0,Chondrite — Ordinary
Dominion Range 08143,0.0,0.0,13.9,2008.0,Chondrite — Ordinary
Dominion Range 08255,0.0,0.0,29.3,2008.0,Chondrite — Ordinary
Queen Alexandra Range 99868,-84.0,168.0,9.5,1999.0,Chondrite — Ordinary
Elephant Moraine 90774,-76.28621,156.46293,41.1,1990.0,Chondrite — Ordinary
Elizabeth,42.318,-90.221,732.0,,Iron meteorite
Queen Alexandra Range 93480,-84.0,168.0,6.5,1993.0,Chondrite — Ordinary
Northwest Africa 5863,0.0,0.0,7.5,2009.0,Chondrite — Ordinary
Yamato 75176,-71.5,35.66667,8.95,1975.0,Chondrite — Ordinary
Allan Hills A77155,-76.71667,159.66667,305.3,1977.0,Chondrite — Ordinary
Lewis Cliff 88484,-84.24814,161.40106,8.4,1988.0,Chondrite — Ordinary
Dhofar 1503,18.72345,54.3155,16.9,2009.0,Chondrite — Ordinary
Watson 004,-30.48333,131.55,1.3,2008.0,Chondrite — Ordinary
Lewis Cliff 88689,-84.27222,161.40483,20.4,1988.0,Chondrite — Ordinary
Lewis Cliff 88229,-84.235,161.46128,3.4,1988.0,Chondrite — Ordinary
Queen Alexandra Range 99339,-84.0,168.0,17.1,1999.0,Chondrite — Ordinary
Queen Alexandra Range 90277,-84.59534,162.76926,26.0,1990.0,Chondrite — Ordinary
Queen Alexandra Range 93617,-84.0,168.0,1.3,1993.0,Chondrite — Ordinary
Yamato 981237,0.0,0.0,18.83,1998.0,Chondrite — Ordinary
Elephant Moraine 90078,-76.26699,156.45895,22.9,1990.0,Chondrite — Ordinary
Northwest Africa 7697,0.0,0.0,100.0,2012.0,Chondrite — Carbonaceous
Lookout Hill,-30.09056,128.80583,16.6,1976.0,Chondrite — Carbonaceous
Meteorite Hills 00490,-79.68333,155.75,100.92,2000.0,Chondrite — Ordinary
Lewis Cliff 86440,-84.25534,161.40834,6.9,1986.0,Chondrite — Ordinary
Kinsella,53.2,-111.43333,3720.0,1946.0,Iron meteorite
Dhofar 482,19.15083,54.68333,380.0,2001.0,Chondrite — Ordinary
Queen Alexandra Range 99091,-84.0,168.0,356.8,1999.0,Chondrite — Ordinary
Elephant Moraine 87624,-76.26971,156.47439,17.2,1987.0,Chondrite — Ordinary
Asuka 881591,-72.0,26.0,12.94,1988.0,Chondrite — Ordinary
Grove Mountains 020273,-72.98611,75.21389,8.25,2003.0,Chondrite — Ordinary
Sayh al Uhaymir 520,20.42087,56.50033,30.2,2009.0,Chondrite — Ordinary
Yamato 791487,-71.5,35.66667,13.95,1979.0,Chondrite — Ordinary
Queen Alexandra Range 99557,-84.0,168.0,11.2,1999.0,Chondrite — Ordinary
Axtell,31.66,-96.97167,6200.0,1943.0,Chondrite — Carbonaceous
Asuka 881725,-72.0,26.0,33.27,1988.0,Chondrite — Carbonaceous
Asuka 881758,-72.0,26.0,42.47,1988.0,Chondrite — Ordinary
Bendock,-37.15,148.91667,27000.0,1898.0,Stony-iron
Yamato 790035,-71.5,35.66667,4.5,1979.0,Chondrite — Ordinary
Elephant Moraine 90131,-76.28585,156.45513,26.9,1990.0,Chondrite — Ordinary
Sayh al Uhaymir 285,21.0689,57.31327,9.3,2004.0,Chondrite — Ordinary
Miller Range 090785,0.0,0.0,90.3,2009.0,Chondrite — Carbonaceous
Yamato 75148,-71.5,35.66667,8.51,1975.0,Chondrite — Ordinary
Queen Alexandra Range 97731,-84.0,168.0,18.1,1997.0,Chondrite — Ordinary
Yamato 791141,-71.5,35.66667,16.2,1979.0,Chondrite — Ordinary
Dar al Gani 029,27.20167,16.093,1620.0,1995.0,Chondrite — Ordinary
Queen Alexandra Range 93461,-84.0,168.0,66.3,1993.0,Chondrite — Ordinary
Allan Hills A77303,-76.71667,159.66667,78.59999999999998,1977.0,Chondrite — Ordinary
Miller Range 090934,0.0,0.0,33.3,2009.0,Chondrite — Ordinary
Meteorite Hills 01269,-79.68333,159.75,18.6,2001.0,Chondrite — Ordinary
Queen Alexandra Range 99783,-84.0,168.0,34.51,1999.0,Chondrite — Ordinary
Meteorite Hills 01117,-79.68333,159.75,84.1,2001.0,Chondrite — Ordinary
Queen Alexandra Range 97316,-84.0,168.0,23.4,1997.0,Chondrite — Ordinary
Dar al Gani 456,27.79783,15.94167,838.0,1998.0,Chondrite — Ordinary
Queen Alexandra Range 97822,-84.0,168.0,7.0,1997.0,Chondrite — Ordinary
Yamato 792705,-71.5,35.66667,3.86,1979.0,Chondrite — Ordinary
Dhofar 801,19.05568,54.55108,119.15,2001.0,Chondrite — Ordinary
Allan Hills 84081,-76.92365,156.95124,612.3,1984.0,Chondrite — Ordinary
Queen Alexandra Range 97853,-84.0,168.0,38.9,1997.0,Chondrite — Ordinary
Grosvenor Mountains 95634,-85.66667,175.0,119.8,1995.0,Chondrite — Ordinary
Dhofar 1650,19.05822,54.57192,930.0,2011.0,Chondrite — Ordinary
Elephant Moraine 87547,-76.04544,156.09938,1223.2,1987.0,Chondrite — Ordinary
Queen Alexandra Range 99106,-84.0,168.0,10.2,1999.0,Chondrite — Ordinary
Lewis Cliff 87040,-84.34866,161.39599,418.2,1987.0,Chondrite — Ordinary
Frontier Mountain 90101,-72.95489,160.44469,1.1,1990.0,Chondrite — Ordinary
Elephant Moraine 87739,-76.28462,156.45129,8.4,1987.0,Chondrite — Ordinary
Northwest Africa 3247,0.0,0.0,100.0,2006.0,Chondrite — Ordinary
Grove Mountains 022113,-72.77917,75.31056,33.49,2003.0,Chondrite — Ordinary
Meteorite Hills 00742,-79.68333,155.75,1.19,2000.0,Chondrite — Carbonaceous
Meteorite Hills 01064,-79.68333,159.75,242.4,2001.0,Chondrite — Ordinary
Yamato 74471,0.0,35.66667,85.7,1974.0,Chondrite — Ordinary
Allan Hills A81247,-76.71664,158.73072,104.2,1981.0,Chondrite — Ordinary
Cuddeback Dry Lake 028,35.296,-117.472,19.5,2008.0,Chondrite — Ordinary
Queen Alexandra Range 99854,-84.0,168.0,1.3,1999.0,Chondrite — Ordinary
Yamato 982638,0.0,0.0,4.45,1998.0,Chondrite — Ordinary
Dhofar 1250,18.534528,54.167889,142.0,2005.0,Chondrite — Ordinary
Daraj 141,29.58333,11.78333,94.0,1986.0,Chondrite — Ordinary
Meteorite Hills 001037,-79.68333,159.75,18.1,2000.0,Chondrite — Ordinary
Queen Alexandra Range 99290,-84.0,168.0,2.9,1999.0,Chondrite — Ordinary
Frontier Mountain 90027,-72.95404,160.50371,16.0,1990.0,Chondrite — Ordinary
Grove Mountains 020101,-72.99417,75.20444,2.59,2003.0,Chondrite — Ordinary
Yamato 791558,-71.5,35.66667,101.64,1979.0,Chondrite — Ordinary
Northwest Africa 819,0.0,0.0,254.0,2000.0,Chondrite — Ordinary
Pecora Escarpment 91277,-85.69208,-67.64826,71.4,1991.0,Chondrite — Ordinary
Sahara 99033,0.0,0.0,108.0,1999.0,Chondrite — Ordinary
Allan Hills 88155,-76.71086,159.15038,2.44,1988.0,Chondrite — Ordinary
Lewis Cliff 87049,-84.35338,161.35777,309.7,1987.0,Chondrite — Ordinary
Jiddat al Harasis 389,19.27943,55.76672,1059.7,2003.0,Chondrite — Ordinary
Yamato 791417,-71.5,35.66667,39.68,1979.0,Chondrite — Ordinary
Queen Alexandra Range 99302,-84.0,168.0,10.0,1999.0,Chondrite — Ordinary
MacAlpine Hills 88202,-84.21667,160.5,2.3,1988.0,Chondrite — Ordinary
Queen Alexandra Range 94306,-84.0,168.0,52.2,1994.0,Chondrite — Ordinary
Queen Alexandra Range 94562,-84.0,168.0,4.8,1994.0,Chondrite — Ordinary
Yamato 793260,-71.5,35.66667,7.4,1979.0,Chondrite — Ordinary
Yamato 983602,0.0,0.0,11.91,1998.0,Chondrite — Ordinary
Queen Alexandra Range 93030,-84.6278,162.00223,896.9,1993.0,Chondrite — Ordinary
Dar al Gani 537,27.18767,16.335,46.0,1997.0,Chondrite — Ordinary
Frontier Mountain 01050,-72.99,160.40722,3.2,2001.0,Chondrite — Ordinary
Grove Mountains 020006,-73.09639,75.2025,1.67,2002.0,Chondrite — Ordinary
Queen Alexandra Range 99273,-84.0,168.0,5.6,1999.0,Chondrite — Ordinary
Zelfana,32.15833,4.63333,1058.0,2002.0,Chondrite — Ordinary
Yamato 790260,-71.5,35.66667,433.9,1979.0,Achondrite — HED
Elephant Moraine 83362,-76.32722,157.19472,10.1,1983.0,Chondrite — Ordinary
Yamato 86538,-71.5,35.66667,1.42,1986.0,Chondrite — Ordinary
Miller Range 07056,0.0,0.0,68.1,2007.0,Chondrite — Ordinary
Dar al Gani 955,27.13183,16.20767,18500.0,1999.0,Chondrite — Ordinary
Pecora Escarpment 02022,-85.63333,-68.7,34.66,2002.0,Chondrite — Ordinary
Dhofar 695,19.28167,54.83,702.0,2002.0,Chondrite — Ordinary
Lewis Cliff 85384,-84.27872,161.37077,5.6,1985.0,Chondrite — Ordinary
Yamato 790470,-71.5,35.66667,17.07,1979.0,Chondrite — Ordinary
Asuka 880668,-72.0,26.0,14.1,1988.0,Chondrite — Ordinary
Allan Hills 84150,-77.02435,156.97828,20.0,1984.0,Chondrite — Ordinary
Sayh al Uhaymir 240,20.56093,57.3326,341.65,2002.0,Chondrite — Ordinary
Northwest Africa 6697,0.0,0.0,67.05,2010.0,Chondrite — Carbonaceous
Grove Mountains 021756,-72.7847,75.2892,0.23,2003.0,Chondrite — Ordinary
Yamato 983874,0.0,0.0,34.61,1998.0,Chondrite — Ordinary
Dominion Range 10566,0.0,0.0,38.5,2010.0,Chondrite — Ordinary
Allan Hills A78007,-76.71667,159.66667,8.45,1977.0,Chondrite — Ordinary
Dhofar 628,19.106,54.81438,2220.0,2001.0,Chondrite — Ordinary
Miller Range 07279,0.0,0.0,9.8,2007.0,Chondrite — Ordinary
Allan Hills A77292,-76.71667,159.66667,199.6,1977.0,Chondrite — Ordinary
Yamato 86246,-71.5,35.66667,1.32,1986.0,Chondrite — Ordinary
Asuka 9031,-72.0,26.0,243.49,1990.0,Chondrite — Ordinary
Queen Alexandra Range 97698,-84.0,168.0,3.9,1997.0,Chondrite — Ordinary
Grove Mountains 022066,-72.77861,75.31528,1.29,2003.0,Chondrite — Ordinary
Yamato 82058,-71.5,35.66667,127.95,1982.0,Chondrite — Ordinary
Grove Mountains 020123,-72.97778,75.26,3.39,2003.0,Chondrite — Ordinary
Queen Alexandra Range 94633,-84.0,168.0,63.9,1994.0,Chondrite — Ordinary
Weatherford,35.5,-98.7,2000.0,1926.0,Chondrite — Carbonaceous
Frontier Mountain 90073,-72.95563,160.46457,20.6,1990.0,Chondrite — Ordinary
De Hoek,-29.38333,23.1,20930.0,1960.0,Iron meteorite
Queen Alexandra Range 93203,-84.57585,162.57082,1.4,1993.0,Chondrite — Ordinary
Dhofar 1411,19.07285,54.77768,12.09,2001.0,Chondrite — Ordinary
Dhofar 1409,19.14145,54.8788,128.96,2001.0,Chondrite — Ordinary
Northwest Africa 017,31.33333,-4.33333,78.0,1999.0,Chondrite — Ordinary
Grove Mountains 052263,-72.77611,75.33444,8.15,2006.0,Chondrite — Ordinary
Elephant Moraine 92130,-76.06999,155.87635,43.9,1992.0,Chondrite — Ordinary
Asuka 880036,-72.0,26.0,14.34,1988.0,Chondrite — Ordinary
Miller Range 07373,0.0,0.0,20.8,2007.0,Chondrite — Ordinary
Queen Alexandra Range 99248,-84.0,168.0,14.4,1999.0,Chondrite — Ordinary
Allan Hills A81143,-76.67972,159.33694,12.5,1981.0,Chondrite — Ordinary
Grosvenor Mountains 95543,-85.66667,175.0,222.9,1995.0,Chondrite — Ordinary
Patuxent Range 10247,0.0,0.0,1.8,2010.0,Chondrite — Ordinary
Grove Mountains 022921,-72.7747,75.3231,2.43,2003.0,Chondrite — Ordinary
Queen Alexandra Range 94643,-84.0,168.0,11.1,1994.0,Chondrite — Ordinary
Yamato 983651,0.0,0.0,7.13,1998.0,Chondrite — Ordinary
Yamato 75285,-71.5,35.66667,3.25,1975.0,Achondrite — HED
Meteorite Hills 00506,-79.68333,155.75,301.1,2000.0,Chondrite — Ordinary
Yamato 981994,0.0,0.0,5.33,1998.0,Chondrite — Ordinary
Yamato 82075,-71.5,35.66667,9.23,1982.0,Achondrite — HED
Lost Draw,33.28944,-102.54306,309.0,1980.0,Other / Ungrouped
Allan Hills 83022,-76.81791,158.19091,5.4,1983.0,Chondrite — Ordinary
Hugo (stone),39.13333,-103.48333,80.0,1936.0,Chondrite — Ordinary
Elephant Moraine 90081,-76.28072,156.50143,39.1,1990.0,Chondrite — Ordinary
Yamato 790355,-71.5,35.66667,1.27,1979.0,Chondrite — Ordinary
Miller Range 07362,0.0,0.0,4.2,2007.0,Chondrite — Ordinary
Dhofar 241,18.65183,54.77383,451.8,2001.0,Chondrite — Ordinary
Pecora Escarpment 01033,-85.65507,-68.66553,3.6,2002.0,Chondrite — Ordinary
Asuka 87311,-72.0,26.0,101.42,1987.0,Chondrite — Ordinary
Elephant Moraine 82611,-76.31944,157.28139,12.6,1982.0,Chondrite — Ordinary
Asuka 880770,-72.0,26.0,1166.03,1988.0,Chondrite — Ordinary
Miller Range 090467,0.0,0.0,10.1,2009.0,Chondrite — Carbonaceous
Yamato 983599,0.0,0.0,57.28,1998.0,Chondrite — Ordinary
Allan Hills A78220,-76.71667,159.66667,8.57,1977.0,Chondrite — Ordinary
Grove Mountains 054476,-72.91611,75.10028,50.74,2006.0,Chondrite — Ordinary
Yamato 790459,-71.5,35.66667,19.92,1979.0,Chondrite — Ordinary
Yamato 790387,-71.5,35.66667,21.13,1979.0,Chondrite — Ordinary
Sayh al Uhaymir 095,21.12307,56.98238,230.0,2000.0,Chondrite — Ordinary
Yamato 791670,-71.5,35.66667,541.72,1979.0,Chondrite — Ordinary
Elephant Moraine 96027,-76.18333,157.16667,2038.3,1996.0,Chondrite — Ordinary
Miller Range 090024,0.0,0.0,744.7,2009.0,Chondrite — Ordinary
Lewis Cliff 87205,-84.2726,161.71632,51.3,1987.0,Chondrite — Ordinary
Yamato 791411,-71.5,35.66667,4.96,1979.0,Chondrite — Ordinary
Elephant Moraine 90520,-76.28272,156.46237,21.4,1990.0,Chondrite — Ordinary
Jiddat al Harasis 757,19.72139,55.70944,178.0,,Chondrite — Ordinary
Queen Alexandra Range 97959,-84.0,168.0,34.8,1997.0,Chondrite — Ordinary
Elephant Moraine 90071,-76.29026,156.45207,103.4,1990.0,Chondrite — Ordinary
Elephant Moraine 87596,-76.27292,156.50649,90.0,1987.0,Chondrite — Ordinary
Yamato 791065,-71.5,35.66667,9.56,1979.0,Chondrite — Ordinary
Yamato 75139,-71.5,35.66667,103.0,1975.0,Chondrite — Ordinary
Queen Alexandra Range 02170,-84.0,168.0,24.9,2002.0,Chondrite — Ordinary
Yamato 983393,0.0,0.0,9.24,1998.0,Chondrite — Ordinary
Lawrence,38.96667,-95.16667,515.0,1928.0,Chondrite — Ordinary
Yamato 791175,-71.5,35.66667,2.67,1979.0,Chondrite — Ordinary
Yamato 792707,-71.5,35.66667,3.55,1979.0,Chondrite — Ordinary
Yamato 791483,-71.5,35.66667,73.59,1979.0,Chondrite — Ordinary
Tabbita,-34.05,145.83333,3100.0,1983.0,Chondrite — Ordinary
Twentynine Palms,34.075,-116.01667,19700.0,1944.0,Chondrite — Ordinary
Yamato 981581,0.0,0.0,6.59,1998.0,Chondrite — Ordinary
Queen Alexandra Range 02154,-84.0,168.0,2.1,2002.0,Chondrite — Ordinary
Dhofar 594,18.7247,54.39503,1806.0,2001.0,Chondrite — Ordinary
Queen Alexandra Range 971018,-84.0,168.0,0.1,1997.0,Chondrite — Ordinary
LaPaz Icefield 02399,-86.36667,-70.0,5.81,2002.0,Chondrite — Ordinary
Asuka 881590,-72.0,26.0,261.64,1988.0,Chondrite — Ordinary
Elephant Moraine 83376,-76.28806,157.24944,79.3,1983.0,Achondrite — HED
Yamato 983791,0.0,0.0,4.65,1998.0,Chondrite — Ordinary
Queen Alexandra Range 99191,-84.0,168.0,100.0,1999.0,Chondrite — Ordinary
El Médano 087,-24.85,-70.53333,13.9,2011.0,Chondrite — Ordinary
Grove Mountains 050245,-72.98972,75.26167,3.2,2006.0,Chondrite — Ordinary
Lewis Cliff 86210,-84.25592,161.3721,9.2,1986.0,Stony-iron
Reckling Peak 92437,-76.24041,158.09012,2.9,1992.0,Chondrite — Ordinary
Northwest Africa 6121,0.0,0.0,289.1,2003.0,Chondrite — Ordinary
Hangman Crossing,38.91972,-85.94722,1300.0,1976.0,Chondrite — Ordinary
Dhofar 1649,19.04562,54.58178,143.0,2011.0,Chondrite — Ordinary
Yamato 74174,-71.5,35.66667,20.9,1974.0,Chondrite — Ordinary
Queen Alexandra Range 97155,-84.0,168.0,27.2,1997.0,Chondrite — Ordinary
Lewis Cliff 87118,-84.36589,161.18416,27.2,1987.0,Chondrite — Ordinary
Hezma,33.25,10.46667,62.0,2002.0,Chondrite — Ordinary
Patuxent Range 10232,0.0,0.0,18.4,2010.0,Chondrite — Ordinary
Meteorite Hills 01050,-79.68333,159.75,1375.1,2001.0,Chondrite — Ordinary
Yamato 790107,-71.5,35.66667,1.39,1979.0,Chondrite — Ordinary
Estación Imilac,-24.22983,-68.89253,1908.0,2004.0,Chondrite — Ordinary
Elephant Moraine 82607,-76.29417,157.3225,165.3,1982.0,Chondrite — Ordinary
Sayh al Uhaymir 295,21.00987,57.03862,4780.0,2004.0,Chondrite — Ordinary
Miller Range 090449,0.0,0.0,25.3,2009.0,Chondrite — Ordinary
Yamato 790782,-71.5,35.66667,938.8,1979.0,Chondrite — Ordinary
Pecora Escarpment 82505,-85.61621,-68.5873,3085.5,1982.0,Chondrite — Ordinary
Dhofar 951,18.63167,54.23167,274.0,2002.0,Chondrite — Ordinary
Jiddat al Harasis 102,19.51185,56.98178,1007.33,1998.0,Chondrite — Ordinary
Queen Alexandra Range 99430,-84.0,168.0,7.3,1999.0,Chondrite — Ordinary
Yamato 8444,-71.5,35.66667,0.2,1984.0,Chondrite — Ordinary
Dhofar 819,19.04028,54.49387,72.14,2001.0,Chondrite — Ordinary
Yamato 983051,0.0,0.0,17.58,1998.0,Chondrite — Ordinary
Allan Hills A77278,-76.71667,159.66667,312.9,1977.0,Chondrite — Ordinary
Northwest Africa 7208,0.0,0.0,39.0,2010.0,Chondrite — Carbonaceous
Dhofar 965,19.15314,54.96017,247.0,2004.0,Chondrite — Ordinary
Shallowater,33.7,-101.93333,4650.0,1936.0,Achondrite — Primitive/Other
Miller Range 07516,0.0,0.0,2.1,2007.0,Chondrite — Ordinary
Grove Mountains 022187,-72.781111,75.292222,9.74,2003.0,Chondrite — Ordinary
Yamato 983052,0.0,0.0,16.8,1998.0,Chondrite — Ordinary
Yamato 793523,-71.5,35.66667,13.25,1979.0,Chondrite — Ordinary
Elephant Moraine 87644,-76.26933,156.47035,127.3,1987.0,Chondrite — Ordinary
Allan Hills 83067,-76.74194,159.38083,95.8,1983.0,Chondrite — Ordinary
Ramlat as Sahmah 314,20.8016,55.47315,219.0,2009.0,Chondrite — Ordinary
Yamato 790896,-71.5,35.66667,2.93,1979.0,Chondrite — Ordinary
Grove Mountains 050258,-72.98389,75.24667,0.5,2006.0,Chondrite — Ordinary
Yamato 792820,-71.5,35.66667,9.55,1979.0,Chondrite — Ordinary
Dhofar 055,19.14767,54.77633,235.0,1999.0,Achondrite — HED
Yamato 793182,-71.5,35.66667,2.04,1979.0,Chondrite — Ordinary
Grove Mountains 023100,-72.774444,75.321667,2.11,2003.0,Chondrite — Ordinary
Dhofar 1251,18.56925,54.195389,1905.0,2005.0,Chondrite — Ordinary
Grove Mountains 020090,-72.99944,75.26111,7.5,2003.0,Achondrite — Martian
Meteorite Hills 00836,-79.68333,159.75,29.1,2000.0,Chondrite — Ordinary
Yamato 793549,-71.5,35.66667,13.86,1979.0,Achondrite — HED
Elephant Moraine 90279,-76.27274,156.45152,17.4,1990.0,Chondrite — Ordinary
Lewis Cliff 87105,-84.25403,161.39633,15.9,1987.0,Chondrite — Ordinary
Elephant Moraine 83348,-76.2875,157.20389,299.2,1983.0,Chondrite — Ordinary
Dar al Gani 844,27.396,16.1905,143.0,1999.0,Achondrite — HED
Yamato 81123,-71.5,35.66667,1.58,1981.0,Chondrite — Ordinary
Lewis Cliff 88160,-84.25087,161.41703,21.1,1988.0,Chondrite — Ordinary
Millarville,50.79722,-114.30944,15636.0,1977.0,Iron meteorite
Elephant Moraine 90830,-76.28587,156.44218,7.4,1990.0,Chondrite — Ordinary
Dominion Range 10602,0.0,0.0,16.4,2010.0,Chondrite — Ordinary
Yamato 982236,0.0,0.0,19.27,1998.0,Chondrite — Ordinary
Grove Mountains 052483,-72.779722,75.316111,162.84,2006.0,Chondrite — Ordinary
Miller Range 07424,0.0,0.0,0.4,2007.0,Stony-iron
Dar al Gani 561,27.20117,16.3175,83.52,1997.0,Chondrite — Ordinary
Acfer 388,27.61667,3.86667,1072.0,2004.0,Chondrite — Ordinary
Yamato 790290,-71.5,35.66667,4.15,1979.0,Chondrite — Ordinary
Queen Alexandra Range 97676,-84.0,168.0,2.4,1997.0,Chondrite — Carbonaceous
Allan Hills A81217,-76.7,159.36861,5.4,1981.0,Chondrite — Ordinary
Scurry,32.5,-101.0,118000.0,1937.0,Chondrite — Ordinary
Acfer 213,27.68111,4.30694,526.0,1991.0,Chondrite — Ordinary
Zapata County,27.0,-99.0,,1930.0,Iron meteorite
Acfer 320,27.46056,3.88806,167.0,1992.0,Chondrite — Ordinary
Queen Alexandra Range 93720,-84.0,168.0,73.9,1993.0,Chondrite — Ordinary
Clover Springs,34.45,-111.36667,7700.0,1954.0,Stony-iron
Dar al Gani 564,26.89517,16.5515,167.69,1997.0,Chondrite — Ordinary
Leon,37.66667,-96.76667,30000.0,1943.0,Chondrite — Ordinary
Djebel Chaab 001,25.22367,0.8456,1388.0,2003.0,Chondrite — Ordinary
Elephant Moraine 90820,-76.28198,156.45502,0.9,1990.0,Chondrite — Ordinary
Frontier Mountain 03035,-72.9515,160.51303,9.96,2003.0,Chondrite — Ordinary
Frontier Mountain 01065,-72.98806,160.40833,1.7,2001.0,Chondrite — Ordinary
Grove Mountains 021598,-72.825,75.35667,79.76,2003.0,Chondrite — Ordinary
Jungo 001,40.89055,-118.36278,70.7,2007.0,Chondrite — Ordinary
Tanezrouft 033,25.39222,-0.03639,120.0,1991.0,Chondrite — Ordinary
Grove Mountains 021547,-72.96389,75.22222,19.6,2003.0,Chondrite — Ordinary
Queen Alexandra Range 97069,-84.0,168.0,94.2,1997.0,Chondrite — Ordinary
Lewis Cliff 88003,-84.27467,161.37784,1.7,1988.0,Chondrite — Carbonaceous
Allan Hills 88025,-76.7264,158.76884,37.2,1988.0,Chondrite — Ordinary
Northwest Africa 6673,0.0,0.0,99.8,2010.0,Stony-iron
Elephant Moraine 90476,-76.27362,156.4211,63.8,1990.0,Chondrite — Ordinary
El Mirage Dry Lake 003,34.63432,-117.56217,6.9,2010.0,Chondrite — Ordinary
Dhofar 253,18.62467,54.09667,413.0,2001.0,Chondrite — Ordinary
Larkman Nunatak 06563,0.0,0.0,213.4,2006.0,Chondrite — Ordinary
Yamato 86399,-71.5,35.66667,4.27,1986.0,Chondrite — Ordinary
Yamato 790345,-71.5,35.66667,233.6,1979.0,Chondrite — Ordinary
Queen Alexandra Range 97890,-84.0,168.0,3.2,1997.0,Chondrite — Ordinary
Pecora Escarpment 91156,-85.66681,-69.02116,19.7,1991.0,Chondrite — Ordinary
Queen Alexandra Range 99481,-84.0,168.0,1.7,1999.0,Chondrite — Ordinary
Allan Hills A78083,-76.71667,159.66667,11.43,1977.0,Chondrite — Ordinary
Northwest Africa 6602,0.0,0.0,1048.0,2010.0,Achondrite — HED
Dominion Range 08472,0.0,0.0,18.5,2008.0,Chondrite — Ordinary
Elephant Moraine 96334,-76.18333,157.16667,5.6,1996.0,Chondrite — Ordinary
Dhofar 844,18.39167,54.16,182.0,2001.0,Chondrite — Ordinary
Dhofar 115,18.60833,54.55167,487.0,2000.0,Chondrite — Ordinary
Yamato 983796,0.0,0.0,3.76,1998.0,Chondrite — Ordinary
Yamato 75064,-71.5,35.66667,3.26,1975.0,Chondrite — Ordinary
Willcox Playa 002,32.18167,-109.7895,12.0,2001.0,Chondrite — Ordinary
Northwest Africa 6546,0.0,0.0,214.0,2006.0,Chondrite — Ordinary
Grove Mountains 053629,-72.781944,75.300556,0.7,2006.0,Chondrite — Ordinary
Lewis Cliff 88170,-84.2495,161.49332,14.9,1988.0,Chondrite — Ordinary
Jiddat al Harasis 125,19.62333,55.01,36.0,2004.0,Chondrite — Ordinary
Grove Mountains 053725,-72.779722,75.275833,54.15,2006.0,Chondrite — Ordinary
Pecora Escarpment 91304,-85.6899,-68.94321,6.1,1991.0,Chondrite — Ordinary
Yamato 793393,-71.5,35.66667,4.29,1979.0,Chondrite — Ordinary
Yamato 982086,0.0,0.0,224.72,1998.0,Chondrite — Carbonaceous
Yamato 82119,-71.5,35.66667,6.79,1982.0,Chondrite — Ordinary
Meteorite Hills 00419,-79.68333,155.75,9.0,2000.0,Iron meteorite
Yamato 981606,0.0,0.0,7.78,1998.0,Chondrite — Ordinary
Grove Mountains 022908,-72.775,75.317778,7.93,2003.0,Chondrite — Ordinary
Frontier Mountain 90240,-72.95489,160.44408,1.05,1990.0,Chondrite — Ordinary
Dar al Gani 003,27.12633,16.03067,2020.0,1995.0,Chondrite — Ordinary
Yamato 982105,0.0,0.0,10.22,1998.0,Chondrite — Ordinary
Dar al Gani 855,26.88967,16.5715,406.0,1998.0,Chondrite — Ordinary
Frontier Mountain 90022,-72.95488,160.47328,10.8,1990.0,Chondrite — Ordinary
Grove Mountains 021893,-72.778056,75.326667,0.56,2003.0,Chondrite — Ordinary
Northwest Africa 7456,0.0,0.0,2282.0,2012.0,Chondrite — Ordinary
Yamato 790914,-71.5,35.66667,2.58,1979.0,Chondrite — Ordinary
Miller Range 07137,0.0,0.0,110.4,2007.0,Chondrite — Ordinary
Queen Alexandra Range 97705,-84.0,168.0,6.8,1997.0,Chondrite — Ordinary
Dhofar 1500,19.18258,54.5945,2448.0,2009.0,Chondrite — Ordinary
Northwest Africa 462,26.784,-12.8335,40.5,2001.0,Chondrite — Ordinary
Frontier Mountain 03067,-72.99486,160.39028,2.25,2004.0,Chondrite — Ordinary
Dominion Range 85501,-85.33333,166.5,126.2,1985.0,Chondrite — Ordinary
Yamato 74524,0.0,35.66667,14.74,1974.0,Chondrite — Ordinary
Meteorite Hills 001121,-79.68333,159.75,24.4,2000.0,Chondrite — Ordinary
Dar al Gani 226,27.086,16.03683,90.0,1997.0,Chondrite — Carbonaceous
Grove Mountains 024060,-72.981944,75.246389,200.2,2003.0,Chondrite — Ordinary
Yamato 792657,-71.5,35.66667,0.96,1979.0,Chondrite — Ordinary
Meteorite Hills 00658,-79.68333,155.75,46.42,2000.0,Chondrite — Ordinary
Ramlat as Sahmah 344,20.47015,55.52617,41.49,2010.0,Chondrite — Ordinary
Grove Mountains 020014,-73.105,75.17139,2.72,2002.0,Chondrite — Ordinary
Lewis Cliff 85346,-84.28027,161.34666,30.2,1985.0,Chondrite — Ordinary
Miller Range 07051,0.0,0.0,93.1,2007.0,Chondrite — Ordinary
Northwest Africa 2595,0.0,0.0,59.1,2004.0,Chondrite — Ordinary
Meteorite Hills 01096,-79.68333,159.75,48.6,2001.0,Chondrite — Ordinary
Umm as Samim 027,21.11303,55.54083,2907.0,2010.0,Chondrite — Ordinary
Yamato 792868,-71.5,35.66667,13.01,1979.0,Chondrite — Ordinary
Lewis Cliff 88346,-84.26909,161.3713,18.2,1988.0,Chondrite — Ordinary
Grove Mountains 022018,-72.781111,75.319167,3.5,2003.0,Chondrite — Ordinary
Northwest Africa 5561,0.0,0.0,57.8,2008.0,Chondrite — Carbonaceous
Yamato 790538,-71.5,35.66667,102.58,1979.0,Chondrite — Ordinary
Yamato 8439,-71.5,35.66667,60.8,1984.0,Chondrite — Ordinary
Yamato 983072,0.0,0.0,5.83,1998.0,Chondrite — Ordinary
Elephant Moraine 83260,-76.32861,157.22306,15.4,1983.0,Chondrite — Ordinary
Queen Alexandra Range 97929,-84.0,168.0,14.8,1997.0,Chondrite — Ordinary
Grove Mountains 050114,-72.978056,75.269444,2.96,2006.0,Chondrite — Ordinary
Yamato 983812,0.0,0.0,15.1,1998.0,Chondrite — Ordinary
Dar al Gani 218,27.1415,16.16483,157.0,1996.0,Chondrite — Ordinary
Reid 021,-30.06783,128.98483,20.0,1993.0,Chondrite — Ordinary
Jiddat al Harasis 478,19.79833,56.4884,180.5,2007.0,Chondrite — Ordinary
Elephant Moraine 90957,-76.27112,156.43603,15.1,1990.0,Chondrite — Ordinary
Lewis Cliff 88586,-84.25191,161.43067,6.4,1988.0,Chondrite — Ordinary
Lewis Cliff 88687,-84.27105,161.38646,5.2,1988.0,Chondrite — Ordinary
Allan Hills 88058,-76.69255,159.30145,15.1,1988.0,Chondrite — Ordinary
Yamato 791941,-71.5,35.66667,18.79,1979.0,Chondrite — Ordinary
Dhofar 508,18.91167,54.475,270.0,2000.0,Chondrite — Ordinary
Yamato 792743,-71.5,35.66667,17.65,1979.0,Chondrite — Ordinary
Wernigerode,51.85,10.78333,24.3,1970.0,Chondrite — Ordinary
Northwest Africa 6587,0.0,0.0,307.0,2009.0,Chondrite — Ordinary
Yamato 791503,-71.5,35.66667,55.11,1979.0,Chondrite — Ordinary
Queen Alexandra Range 93082,-84.59971,162.19633,116.7,1993.0,Chondrite — Ordinary
Forsyth County,36.1,-80.2,22700.0,1891.0,Iron meteorite
Yamato 790121,-71.5,35.66667,10.36,1979.0,Chondrite — Ordinary
Woodward County,36.5,-99.5,45500.0,1923.0,Chondrite — Ordinary
Grove Mountains 053999,-72.78444,75.28028,2.8,2006.0,Chondrite — Ordinary
Lewis Cliff 88159,-84.26271,161.34984,32.8,1988.0,Chondrite — Ordinary
Allan Hills 84256,-76.7065,158.7323,3.0,1984.0,Chondrite — Ordinary
Cranberry Plains,37.23333,-80.73333,90.0,1852.0,Iron meteorite
Allan Hills A78259,-76.71667,159.66667,6.2,1978.0,Chondrite — Ordinary
Miller Range 090957,0.0,0.0,2.9,2009.0,Chondrite — Ordinary
Lucerne Valley 048,34.48667,-116.95833,2.29,2004.0,Chondrite — Ordinary
Queen Alexandra Range 94401,-84.0,168.0,13.4,1994.0,Chondrite — Ordinary
Queen Alexandra Range 90237,-84.61391,162.1441,301.8,1990.0,Chondrite — Ordinary
Yamato 793097,-71.5,35.66667,0.53,1979.0,Chondrite — Enstatite
Miller Range 090741,0.0,0.0,129.8,2009.0,Chondrite — Ordinary
Ramlat as Sahmah 310,20.78308,55.44327,1223.2,2009.0,Chondrite — Ordinary
Dhofar 220,18.485,54.315,132.0,2001.0,Chondrite — Ordinary
Yamato 791026,-71.5,35.66667,354.72,1979.0,Chondrite — Ordinary
Queen Alexandra Range 99602,-84.0,168.0,250.1,1999.0,Chondrite — Ordinary
Yamato 981898,0.0,0.0,22.62,1998.0,Chondrite — Ordinary
Yamato 82167,-71.5,35.66667,11.33,1982.0,Chondrite — Ordinary
Grove Mountains 050043,-72.99667,75.21806,128.89,2006.0,Chondrite — Ordinary
Grove Mountains 021554,-72.935,75.31861,1.51,2003.0,Chondrite — Ordinary
Miller Range 090298,0.0,0.0,11.7,2009.0,Chondrite — Ordinary
Dhofar 303,19.33,54.78333,4.15,2001.0,Achondrite — Lunar
Queen Alexandra Range 971001,-84.0,168.0,22.2,1997.0,Chondrite — Ordinary
Lewis Cliff 86263,-84.27382,161.68676,15.1,1986.0,Chondrite — Ordinary
Northwest Africa 5566,0.0,0.0,200.0,2005.0,Chondrite — Ordinary
Queen Alexandra Range 94421,-84.0,168.0,6.9,1994.0,Chondrite — Ordinary
Queen Alexandra Range 93610,-84.0,168.0,13.0,1993.0,Chondrite — Ordinary
Asuka 87152,-72.0,26.0,28.99,1987.0,Chondrite — Ordinary
Asuka 881514,-72.0,26.0,16.18,1988.0,Chondrite — Ordinary
San Juan 026,-25.4425,-69.871167,307.0,2008.0,Chondrite — Ordinary
Queen Alexandra Range 97143,-84.0,168.0,32.9,1997.0,Chondrite — Ordinary
Grove Mountains 090306,-72.9345,75.31703,67.19,2010.0,Chondrite — Ordinary
Yamato 790102,-71.5,35.66667,0.89,1979.0,Chondrite — Ordinary
Lewis Cliff 87042,-84.36776,161.25817,212.1,1987.0,Chondrite — Ordinary
Grove Mountains 053602,-72.77972,75.3075,3.22,2006.0,Chondrite — Ordinary
Grove Mountains 054045,-72.78722,75.27444,1.49,2006.0,Chondrite — Ordinary
Allan Hills 88012,-76.72243,158.7182,102.5,1988.0,Chondrite — Ordinary
Northwest Africa 5327,0.0,0.0,44.0,2005.0,Chondrite — Ordinary
Lewis Cliff 88248,-84.23477,161.43281,13.5,1988.0,Chondrite — Ordinary
Hammadah al Hamra 247,28.8525,13.4835,288.46,1997.0,Chondrite — Ordinary
Yamato 983530,0.0,0.0,39.71,1998.0,Chondrite — Ordinary
Yamato 793045,-71.5,35.66667,0.94,1979.0,Chondrite — Enstatite
Dominion Range 08180,0.0,0.0,22.7,2008.0,Chondrite — Ordinary
Northwest Africa 7081,0.0,0.0,292.0,2011.0,Chondrite — Ordinary
Sayh al Uhaymir 012,20.9825,57.31483,808.0,1999.0,Chondrite — Ordinary
Vermillion,39.73633,-96.36133,34360.0,1991.0,Stony-iron
Meteorite Hills 96516,-79.68333,159.75,108.4,1996.0,Chondrite — Ordinary
Yamato 791557,-71.5,35.66667,90.65,1979.0,Chondrite — Ordinary
Queen Alexandra Range 971031,-84.0,168.0,4.6,1997.0,Chondrite — Ordinary
Dar al Gani 082,27.167,15.93933,860.0,1995.0,Chondrite — Carbonaceous
Grove Mountains 053714,-72.778889,75.313611,0.82,2006.0,Chondrite — Ordinary
Asuka 881329,-72.0,26.0,39.25,1988.0,Chondrite — Ordinary
Yamato 74643,-71.5,35.66667,38.01,1974.0,Chondrite — Ordinary
Esperance,-33.86667,121.91667,397.0,1991.0,Chondrite — Ordinary
Queen Alexandra Range 97923,-84.0,168.0,13.7,1997.0,Chondrite — Ordinary
Miller Range 090220,0.0,0.0,28.0,2009.0,Achondrite — HED
Pecora Escarpment 91010,-85.68838,-68.34058,3900.6,1991.0,Chondrite — Ordinary
Asuka 882015,-72.0,26.0,32.11,1988.0,Chondrite — Ordinary
Yamato 982083,0.0,0.0,1.24,1998.0,Chondrite — Ordinary
Asuka 881377,-72.0,26.0,214.9,1988.0,Achondrite — HED
Yamato 86614,-71.5,35.66667,0.99,1986.0,Chondrite — Ordinary
Allan Hills A78101,-76.71667,159.66667,121.2,1978.0,Chondrite — Ordinary
Yamato 791771,-71.5,35.66667,156.43,1979.0,Chondrite — Ordinary
Elephant Moraine 90154,-76.27392,156.50891,18.1,1990.0,Chondrite — Ordinary
Northwest Africa 6990,0.0,0.0,395.0,2011.0,Chondrite — Ordinary
Queen Alexandra Range 93385,-84.0,168.0,62.9,1993.0,Chondrite — Ordinary
Allan Hills A81194,-76.68806,159.36084,17.0,1981.0,Chondrite — Ordinary
Acfer 228,27.57389,4.11972,2285.0,1991.0,Chondrite — Ordinary
MacAlpine Hills 87302,-84.21667,160.5,1094.6,1987.0,Chondrite — Ordinary
Queen Alexandra Range 93625,-84.0,168.0,2.9,1993.0,Chondrite — Ordinary
Yamato 982366,0.0,0.0,5.77,1998.0,Chondrite — Ordinary
Dar al Gani 463,27.01167,15.86483,1916.0,1998.0,Chondrite — Ordinary
San Borjita,-27.55861,-56.13444,12300.0,1983.0,Chondrite — Ordinary
Queen Alexandra Range 93585,-84.0,168.0,2.1,1993.0,Chondrite — Ordinary
Dar al Gani 546,27.20267,16.11717,100.0,1997.0,Chondrite — Ordinary
Lewis Cliff 88308,-84.26947,161.40292,20.0,1988.0,Chondrite — Ordinary
El Atchane 012,29.1266,4.71773,331.2,2002.0,Chondrite — Enstatite
Queen Alexandra Range 99312,-84.0,168.0,101.7,1999.0,Chondrite — Ordinary
Lewis Cliff 86361,-84.27387,161.68651,5.6,1986.0,Chondrite — Ordinary
Asuka 881460,-72.0,26.0,13.1,1988.0,Chondrite — Ordinary
Asuka 881989,-72.0,26.0,38.62,1988.0,Achondrite — Primitive/Other
Grove Mountains 054248,-72.773056,75.339167,1.33,2006.0,Chondrite — Ordinary
Grove Mountains 022964,-72.774167,75.315278,1.54,2003.0,Chondrite — Ordinary
Elephant Moraine 96149,-76.18333,157.16667,0.4,1996.0,Chondrite — Ordinary
Yamato 982713,0.0,0.0,9.65,1998.0,Chondrite — Ordinary
Elephant Moraine 87512,-76.18333,157.16667,181.6,1987.0,Achondrite — HED
Grove Mountains 020369,-72.9839,75.2464,0.44,2003.0,Chondrite — Ordinary
Patuxent Range 10249,0.0,0.0,2.7,2010.0,Chondrite — Ordinary
Lewis Cliff 87019,-84.34738,161.48221,0.5,1987.0,Achondrite — Primitive/Other
Yamato 790687,-71.5,35.66667,3.54,1979.0,Chondrite — Ordinary
Frontier Mountain 93015,-72.95083,160.45278,1.84,1993.0,Chondrite — Ordinary
Yamato 791584,-71.5,35.66667,2.52,1979.0,Chondrite — Ordinary
Yamato 983413,0.0,0.0,5.51,1998.0,Chondrite — Ordinary
Northwest Africa 6557,0.0,0.0,68.0,2010.0,Achondrite — Primitive/Other
Yamato 983652,0.0,0.0,17.32,1998.0,Chondrite — Ordinary
Yamato 982357,0.0,0.0,3.77,1998.0,Chondrite — Ordinary
Elephant Moraine 99414,-76.18333,157.16667,121.0,1999.0,Chondrite — Ordinary
Grove Mountains 022247,-72.778889,75.311111,1.54,2003.0,Chondrite — Ordinary
El Médano 133,-24.85,-70.53333,397.0,2011.0,Chondrite — Ordinary
Lewis Cliff 88153,-84.27496,161.40915,1.0,1988.0,Chondrite — Ordinary
Frontier Mountain 03066,-72.99564,160.394,4.34,2004.0,Chondrite — Ordinary
Tanezrouft 043,25.45861,-0.13806,284.0,1992.0,Chondrite — Ordinary
Asuka 881612,-72.0,26.0,19.16,1988.0,Chondrite — Enstatite
Meteorite Hills 00873,-79.68333,159.75,23.4,2000.0,Chondrite — Ordinary
Queen Alexandra Range 99807,-84.0,168.0,22.4,1999.0,Chondrite — Ordinary
Yamato 983364,0.0,0.0,28.46,1998.0,Chondrite — Ordinary
Yamato 793368,-71.5,35.66667,10.93,1979.0,Chondrite — Ordinary
Lewis Cliff 86212,-84.25449,161.36413,5.5,1986.0,Chondrite — Ordinary
Yamato 982881,0.0,0.0,3.03,1998.0,Achondrite — Primitive/Other
Yamato 791111,-71.5,35.66667,20.02,1979.0,Chondrite — Ordinary
Dhofar 823,19.05025,54.49242,23.33,2001.0,Chondrite — Ordinary
Yamato 983786,0.0,0.0,4.92,1998.0,Chondrite — Ordinary
Queen Alexandra Range 99753,-84.0,168.0,3.52,1999.0,Chondrite — Ordinary
New Baltimore,40.0,-78.85,20000.0,1922.0,Iron meteorite
Allan Hills A81291,-76.69167,159.39028,3.9,1981.0,Chondrite — Ordinary
Grove Mountains 053736,-72.778333,75.273333,1.86,2006.0,Chondrite — Ordinary
LaPaz Icefield 02341,-86.36667,-70.0,103.66,2002.0,Chondrite — Ordinary
Carlisle Lakes 004,-29.16667,127.16667,809.0,1977.0,Chondrite — Ordinary
Queen Alexandra Range 99200,-84.0,168.0,1.1,1999.0,Chondrite — Ordinary
Northwest Africa 5202,0.0,0.0,109.0,2007.0,Chondrite — Carbonaceous
Roosevelt County 039,34.08333,-103.5,38.0,1969.0,Chondrite — Ordinary
Dominion Range 85505,-85.33333,166.5,31.4,1985.0,Chondrite — Ordinary
Nahuel Niyeu,-40.53333,-66.63333,10540.0,2005.0,Chondrite — Ordinary
Yamato 790490,-71.5,35.66667,1.18,1979.0,Chondrite — Enstatite
Northwest Africa 5955,0.0,0.0,1400.0,2005.0,Chondrite — Ordinary
MacAlpine Hills 02635,-84.21667,160.5,17.9,2002.0,Chondrite — Enstatite
Yamato 793325,-71.5,35.66667,41.69,1979.0,Chondrite — Ordinary
Grosvenor Mountains 95536,-85.66667,175.0,331.2,1995.0,Chondrite — Ordinary
Meteorite Hills 00809,-79.68333,155.75,35.89,2000.0,Chondrite — Ordinary
Pecora Escarpment 91066,-85.69199,-68.95795,180.0,1991.0,Chondrite — Ordinary
Rushville,39.61667,-85.45,50.0,1866.0,Chondrite — Ordinary
Red Willow,40.25,-100.5,2750.0,1899.0,Iron meteorite
Patuxent Range 10266,0.0,0.0,3.3,2010.0,Chondrite — Ordinary
Lewis Cliff 86013,-84.27678,161.64698,1812.2,1986.0,Chondrite — Ordinary
Yamato 791356,-71.5,35.66667,2.37,1979.0,Chondrite — Ordinary
Yamato 981188,0.0,0.0,24.9,1998.0,Chondrite — Ordinary
Allan Hills 88045,-76.70495,159.09493,18.0,1988.0,Chondrite — Carbonaceous
Elephant Moraine 90357,-76.26829,156.41554,45.6,1990.0,Chondrite — Ordinary
Grove Mountains 020569,-72.98417,75.24528,1.27,2003.0,Chondrite — Ordinary
Northwest Africa 5356,0.0,0.0,770.0,2008.0,Achondrite — HED
Dar al Gani 008,27.15833,16.11467,1925.0,1995.0,Chondrite — Ordinary
Northwest Africa 840,30.19267,-9.03667,2875.0,2001.0,Chondrite — Ordinary
Grove Mountains 020084,-72.99667,75.20833,7.73,2003.0,Chondrite — Ordinary
Asuka 880876,-72.0,26.0,17.74,1988.0,Chondrite — Ordinary
Yamato 981351,0.0,0.0,13.22,1998.0,Chondrite — Ordinary
Asuka 881540,-72.0,26.0,15.45,1988.0,Chondrite — Ordinary
Queen Alexandra Range 97585,-84.0,168.0,14.5,1997.0,Chondrite — Ordinary
Yamato 75020,-71.5,35.66667,9.42,1975.0,Chondrite — Ordinary
Queen Alexandra Range 97164,-84.0,168.0,11.9,1997.0,Chondrite — Ordinary
Yamato 86236,-71.5,35.66667,1.64,1986.0,Chondrite — Ordinary
Pecora Escarpment 91372,-85.69922,-68.96758,136.6,1991.0,Chondrite — Ordinary
Yamato 791893,-71.5,35.66667,3.55,1979.0,Chondrite — Ordinary
Elephant Moraine 92155,-76.01364,155.7597,3.0,1992.0,Chondrite — Ordinary
Yamato 790635,-71.5,35.66667,6.14,1979.0,Chondrite — Ordinary
Yamato 791908,-71.5,35.66667,7.75,1979.0,Chondrite — Ordinary
Graves Nunataks 98015,-86.71667,-141.5,1201.9,1998.0,Chondrite — Ordinary
Pecora Escarpment 91477,-85.65128,-68.61946,16.3,1991.0,Chondrite — Enstatite
Queen Alexandra Range 93294,-84.0,168.0,18.0,1993.0,Chondrite — Ordinary
Yamato 792574,-71.5,35.66667,6.1,1979.0,Chondrite — Ordinary
Dominion Range 08072,0.0,0.0,28.4,2008.0,Chondrite — Ordinary
Miller Range 090197,0.0,0.0,23.6,2009.0,Chondrite — Ordinary
Miller Range 090723,0.0,0.0,0.6,2009.0,Chondrite — Carbonaceous
Yamato 982360,0.0,0.0,3.19,1998.0,Chondrite — Ordinary
Grove Mountains 022359,-72.77833,75.31111,1.2,2003.0,Chondrite — Ordinary
Dar al Gani 658,26.93333,16.46667,35.0,1999.0,Chondrite — Ordinary
MacAlpine Hills 02708,-84.21667,160.5,1.19,2002.0,Chondrite — Ordinary
Lonewolf Nunataks 94104,-81.33333,152.83333,10172.0,1994.0,Chondrite — Ordinary
Dominion Range 08354,0.0,0.0,6.8,2008.0,Chondrite — Ordinary
Naviska,32.5,-111.28,147.0,2004.0,Iron meteorite
Dar al Gani 680,27.05,16.4,78.0,1999.0,Achondrite — Primitive/Other
Asuka 880953,-72.0,26.0,32.36,1988.0,Chondrite — Ordinary
Meteorite Hills 001010,-79.68333,159.75,1.1,2000.0,Chondrite — Ordinary
Elephant Moraine 83320,-76.29639,157.23778,56.3,1983.0,Chondrite — Ordinary
Dominion Range 10482,0.0,0.0,12.8,2010.0,Chondrite — Ordinary
Miller Range 07023,0.0,0.0,2085.0,2007.0,Chondrite — Ordinary
Dhofar 1690,18.20358,54.29502,700.5,2011.0,Chondrite — Ordinary
Graves Nunataks 06145,0.0,0.0,84.9,2006.0,Chondrite — Ordinary
Northwest Africa 7557,0.0,0.0,270.0,2011.0,Achondrite — HED
Dhofar 601,18.68805,54.67873,226.0,2001.0,Chondrite — Ordinary
Yamato 982666,0.0,0.0,4.87,1998.0,Chondrite — Ordinary
Dhofar 671,19.08537,54.75128,81.0,2001.0,Chondrite — Ordinary
Camel Donga 035,-30.09167,126.88883,0.45,1994.0,Chondrite — Ordinary
Dar al Gani 716,27.05,16.15,176.0,1999.0,Chondrite — Ordinary
Queen Alexandra Range 97809,-84.0,168.0,1.7,1997.0,Chondrite — Ordinary
Dominion Range 10498,0.0,0.0,27.0,2010.0,Chondrite — Ordinary
Miller Range 07407,0.0,0.0,1.3,2007.0,Chondrite — Carbonaceous
Yamato 791608,-71.5,35.66667,19.77,1979.0,Chondrite — Ordinary
Queen Alexandra Range 93687,-84.0,168.0,11.7,1993.0,Chondrite — Ordinary
Dhofar 103,18.97917,54.4645,188.0,1999.0,Chondrite — Ordinary
Allan Hills A76006,-76.71667,159.66667,1137.0,1976.0,Chondrite — Ordinary
Graves Nunataks 98117,-86.71667,-141.5,89.5,1998.0,Chondrite — Ordinary
Coyote Dry Lake 249,35.08758,-116.74603,71.8,2004.0,Chondrite — Ordinary
Yamato 75077,-71.5,35.66667,1.67,1975.0,Chondrite — Ordinary
Miller Range 090355,0.0,0.0,2.5,2009.0,Chondrite — Ordinary
Meteorite Hills 00567,-79.68333,155.75,40.41,2000.0,Chondrite — Ordinary
Queen Alexandra Range 93123,-84.57558,162.56576,23.2,1993.0,Chondrite — Ordinary
Yamato 982224,0.0,0.0,28.93,1998.0,Chondrite — Ordinary
Lewis Cliff 88168,-84.24793,161.37895,23.0,1988.0,Chondrite — Ordinary
Dhofar 496,18.155,54.11167,354.0,2000.0,Chondrite — Ordinary
Ramlat as Sahmah 273,20.51968,56.12353,163.3,2008.0,Chondrite — Ordinary
Shişr 120,18.25465,53.99447,8.2,2007.0,Chondrite — Ordinary
Briscoe,34.35,-101.4,1773.0,1940.0,Chondrite — Ordinary
Grosvenor Mountains 95591,-85.66667,175.0,111.2,1995.0,Chondrite — Ordinary
Jiddat al Harasis 292,19.78918,56.48023,985.2,2005.0,Chondrite — Ordinary
Cargo Muchacho Mountains,32.91745,-114.767183,2860.0,2000.0,Chondrite — Carbonaceous
Hammadah al Hamra 282,28.43917,12.88617,424.0,2000.0,Chondrite — Ordinary
Havana,40.33333,-90.05,,,Iron meteorite
Lewis Cliff 86005,-84.25807,161.41638,4.7,1986.0,Chondrite — Carbonaceous
Yamato 86722,-71.5,35.66667,79.04,1986.0,Chondrite — Ordinary
Yamato 982240,0.0,0.0,11.58,1998.0,Chondrite — Ordinary
Elephant Moraine 87731,-76.26825,156.46269,8.3,1987.0,Chondrite — Ordinary
Meteorite Hills 01261,-79.68333,159.75,24.2,2001.0,Chondrite — Ordinary
San Juan 063,-25.58333,-69.78333,3384.0,2010.0,Chondrite — Ordinary
Ramlat as Sahmah 417,20.33407,56.2037,297.9,2010.0,Chondrite — Ordinary
Österplana 025,58.58333,13.43333,,2000.0,Other / Ungrouped
Yamato 982484,0.0,0.0,18.53,1998.0,Chondrite — Ordinary
Allan Hills A77165,-76.71667,159.66667,30.5,1977.0,Chondrite — Ordinary
Allan Hills A81164,-76.68778,159.36056,20.1,1981.0,Chondrite — Ordinary
Elephant Moraine 87528,-76.27318,156.47307,40.5,1987.0,Achondrite — HED
Yamato 790357,-71.5,35.66667,0.62,1979.0,Chondrite — Ordinary
Northwest Africa 7189,0.0,0.0,2467.0,2011.0,Chondrite — Ordinary
Reckling Peak A80211,-76.2111,158.44744,2.1,1980.0,Chondrite — Ordinary
Dominion Range 08461,0.0,0.0,122.4,2008.0,Chondrite — Ordinary
Dar al Gani 017,27.09267,16.31317,713.0,1995.0,Chondrite — Ordinary
Grove Mountains 020583,-72.983611,75.247222,1.85,2003.0,Chondrite — Ordinary
Lewis Cliff 87051,-84.348,161.4824,0.6,1987.0,Achondrite — Primitive/Other
Queen Alexandra Range 94237,-84.0,168.0,358.0,1994.0,Chondrite — Ordinary
Asuka 87090,-72.0,26.0,13.57,1987.0,Chondrite — Ordinary
Frontier Mountain 90163,-72.95435,160.50937,24.05,1990.0,Chondrite — Ordinary
Elephant Moraine 90537,-76.2805,156.47031,17.6,1990.0,Chondrite — Ordinary
Lewis Cliff 86274,-84.27394,161.68774,36.0,1986.0,Chondrite — Ordinary
Allan Hills A77130,-76.71667,159.66667,24.8,1977.0,Chondrite — Ordinary
El Médano 090,-24.85,-70.53333,18.8,2011.0,Chondrite — Ordinary
Frontier Mountain 84009,-72.95488,160.47328,9.6,1984.0,Chondrite — Ordinary
Queen Alexandra Range 94645,-84.0,168.0,26.4,1994.0,Chondrite — Ordinary
Lewis Cliff 88203,-84.24827,161.39649,30.9,1988.0,Chondrite — Ordinary
Mount Ayliff,-30.81667,29.35,13600.0,1907.0,Iron meteorite
Lewis Cliff 86179,-84.25861,161.41604,5.4,1986.0,Chondrite — Ordinary
Queen Alexandra Range 93354,-84.0,168.0,1.3,1993.0,Chondrite — Ordinary
St. Genevieve County,37.96667,-90.31667,244500.0,1888.0,Iron meteorite
Northwest Africa 7177,0.0,0.0,17.3,2011.0,Chondrite — Ordinary
Asuka 881186,-72.0,26.0,29.23,1988.0,Chondrite — Ordinary
Grove Mountains 021669,-72.77833,75.33028,406.1,2003.0,Chondrite — Ordinary
Queen Alexandra Range 93193,-84.57114,162.16768,70.4,1993.0,Chondrite — Ordinary
Frontier Mountain 03011,-72.95169,160.51428,8.64,2003.0,Chondrite — Ordinary
Yamato 791498,-71.5,35.66667,3.11,1979.0,Chondrite — Carbonaceous
Yamato 792955,-71.5,35.66667,1.13,1979.0,Chondrite — Ordinary
Yamato 981861,0.0,0.0,5.02,1998.0,Chondrite — Ordinary
Miller Range 090918,0.0,0.0,7.6,2009.0,Chondrite — Ordinary
Northwest Africa 6158,0.0,0.0,560.0,2010.0,Achondrite — Primitive/Other
Elephant Moraine 90716,-76.26701,156.45035,1.6,1990.0,Chondrite — Ordinary
Asuka 880911,-72.0,26.0,36.25,1988.0,Chondrite — Ordinary
Österplana 040,58.58333,13.43333,,2000.0,Other / Ungrouped
Frontier Mountain 03092,-72.95144,160.51233,2.29,2004.0,Chondrite — Ordinary
Pecora Escarpment 91085,-85.65094,-69.081,79.59999999999998,1991.0,Chondrite — Enstatite
Queen Alexandra Range 94254,-84.0,168.0,3.0,1994.0,Chondrite — Ordinary
Dhofar 841,18.63,54.05,100.0,2002.0,Chondrite — Ordinary
Yamato 982876,0.0,0.0,3.79,1998.0,Chondrite — Ordinary
Allan Hills A81180,-76.69861,159.39639,16.6,1981.0,Chondrite — Ordinary
Hughes 010,-30.2635,129.81033,71.0,1991.0,Chondrite — Ordinary
Yamato 983811,0.0,0.0,13.74,1998.0,Chondrite — Ordinary
Elephant Moraine 90956,-76.27573,156.43087,60.0,1990.0,Chondrite — Ordinary
Shişr 176,18.22012,53.82097,1170.0,2010.0,Chondrite — Ordinary
Wood Lake,45.0,-79.06667,350.0,2003.0,Chondrite — Ordinary
Grove Mountains 051547,-72.93528,75.32194,8.25,2006.0,Chondrite — Ordinary
Elephant Moraine 90316,-76.2797,156.47386,76.9,1990.0,Chondrite — Ordinary
Miller Range 07073,0.0,0.0,0.3,2007.0,Chondrite — Ordinary
Queen Alexandra Range 94620,-84.0,168.0,59.9,1994.0,Chondrite — Ordinary
Savannah,35.16667,-88.18333,60000.0,1923.0,Iron meteorite
Dhofar 261,19.15383,54.71933,787.5,2001.0,Chondrite — Ordinary
Lewis Cliff 88017,-84.24397,161.42497,263.9,1988.0,Chondrite — Ordinary
Dominion Range 08118,0.0,0.0,102.8,2008.0,Chondrite — Ordinary
Yamato 981399,0.0,0.0,24.57,1998.0,Chondrite — Ordinary
Queen Alexandra Range 94246,-84.0,168.0,61.9,1994.0,Chondrite — Ordinary
Queen Alexandra Range 99455,-84.0,168.0,336.6,1999.0,Chondrite — Ordinary
Miller Range 07560,0.0,0.0,16.4,2007.0,Chondrite — Carbonaceous
Northwest Africa 7045,0.0,0.0,1127.0,2011.0,Stony-iron
Yamato 792783,-71.5,35.66667,20.58,1979.0,Chondrite — Ordinary
Aguemour 013,27.56972,4.52556,364.0,1993.0,Chondrite — Ordinary
MacAlpine Hills 02534,-84.21667,160.5,1.1,2002.0,Chondrite — Ordinary
Yamato 983515,0.0,0.0,20.65,1998.0,Chondrite — Ordinary
Dar al Gani 453,27.804,15.935,1896.0,1998.0,Chondrite — Ordinary
Asuka 881709,-72.0,26.0,230.06,1988.0,Chondrite — Ordinary
Frontier Mountain 90226,-72.95583,160.43833,24.79,1990.0,Chondrite — Ordinary
Allan Hills A78200,-76.71667,159.66667,14.17,1977.0,Chondrite — Ordinary
Yamato 74121,-71.5,35.66667,8.53,1974.0,Chondrite — Ordinary
Grove Mountains 052131,-72.77168,75.33,12.47,2006.0,Chondrite — Ordinary
El Médano 125,-24.85,-70.53333,93.0,2011.0,Chondrite — Ordinary
LaPaz Icefield 02318,-86.36667,-70.0,7.7,2002.0,Chondrite — Ordinary
Elephant Moraine 87517,-76.18333,157.16667,272.6,1987.0,Achondrite — Primitive/Other
Jiddat al Harasis 387,19.27643,55.76668,622.4,2003.0,Chondrite — Ordinary
Yamato 86342,-71.5,35.66667,6.78,1986.0,Chondrite — Ordinary
Dhofar 1718,19.13873,54.66188,75.0,2010.0,Chondrite — Ordinary
Northwest Africa 4704,0.0,0.0,277.0,2007.0,Iron meteorite
Queen Alexandra Range 97508,-84.0,168.0,1.7,1997.0,Chondrite — Ordinary
Yamato 86547,-71.5,35.66667,2.12,1986.0,Chondrite — Ordinary
Meteorite Hills A78006,-79.68333,155.75,409.6,1978.0,Chondrite — Ordinary
Bruceville,38.295,-121.405,83000.0,1998.0,Chondrite — Ordinary
Queen Alexandra Range 93314,-84.6056,162.12763,5.4,1993.0,Chondrite — Ordinary
MacAlpine Hills 88121,-84.21667,160.5,318.7,1988.0,Chondrite — Ordinary
Allan Hills A77084,-76.71667,159.66667,44.1,1977.0,Chondrite — Ordinary
Grove Mountains 020062,-72.99722,75.21944,2.26,2003.0,Chondrite — Ordinary
Miller Range 090195,0.0,0.0,15.5,2009.0,Chondrite — Ordinary
Grove Mountains 021774,-72.77444,75.33139,2.56,2003.0,Chondrite — Ordinary
Yamato 793479,-71.5,35.66667,5.08,1979.0,Chondrite — Ordinary
Meteorite Hills 00721,-79.68333,155.75,17.27,2000.0,Chondrite — Ordinary
El Médano 079,-24.85,-70.53333,230.0,2011.0,Chondrite — Ordinary
Elephant Moraine 90135,-76.26862,156.45523,15.5,1990.0,Chondrite — Ordinary
Yamato 82150,-71.5,35.66667,9.18,1982.0,Chondrite — Ordinary
Lewis Cliff 87031,-84.34704,161.34955,1315.1,1987.0,Chondrite — Ordinary
Pecora Escarpment 91418,-85.69023,-69.0905,14.0,1991.0,Chondrite — Ordinary
Miller Range 090150,0.0,0.0,22.6,2009.0,Chondrite — Ordinary
LaPaz Icefield 02207,-86.36667,-70.0,2920.4,2002.0,Chondrite — Ordinary
Northwest Africa 4609,0.0,0.0,738.3,2006.0,Chondrite — Ordinary
Queen Alexandra Range 99278,-84.0,168.0,7.9,1999.0,Chondrite — Ordinary
Dominion Range 08107,0.0,0.0,16.9,2008.0,Chondrite — Ordinary
Ramlat as Sahmah 289,20.51353,55.52737,123.5,2009.0,Chondrite — Ordinary
Queen Alexandra Range 99296,-84.0,168.0,2.7,1999.0,Chondrite — Ordinary
Queen Alexandra Range 97249,-84.0,168.0,43.6,1997.0,Chondrite — Ordinary
Thiel Mountains,-85.45,-90.0,31700.0,1962.0,Stony-iron
Elephant Moraine 96070,-76.18333,157.16667,2.4,1996.0,Chondrite — Ordinary
Queen Alexandra Range 99632,-84.0,168.0,1.1,1999.0,Chondrite — Ordinary
Imilac,-24.20333,-68.80667,920000.0,1822.0,Stony-iron
Yamato 981530,0.0,0.0,5.57,1998.0,Chondrite — Ordinary
Queen Alexandra Range 94252,-84.0,168.0,76.5,1994.0,Chondrite — Ordinary
Allan Hills A77249,-76.71667,159.66667,503.6,1977.0,Chondrite — Ordinary
Meteorite Hills 001103,-79.68333,159.75,22.9,2000.0,Chondrite — Ordinary
Graves Nunataks 98154,-86.71667,-141.5,21.2,1998.0,Chondrite — Ordinary
Grove Mountains 021650,-72.776944,75.330833,0.89,2003.0,Chondrite — Ordinary
Derrick Peak A78010,-80.06667,156.38333,,1978.0,Iron meteorite
Allan Hills A76002,-76.71667,159.66667,1510.0,1976.0,Iron meteorite
Yamato 982268,0.0,0.0,7.79,1998.0,Chondrite — Ordinary
Akron (1940),40.15,-103.16667,1050.0,1940.0,Chondrite — Ordinary
Dhofar 1587,19.05767,54.54567,36.0,2004.0,Chondrite — Ordinary
Yamato 86052,-71.5,35.66667,23.8,1986.0,Chondrite — Ordinary
Yamato 983886,0.0,0.0,27.39,1998.0,Chondrite — Ordinary
Yamato 81001,-71.83333,35.5,2.54,1981.0,Achondrite — HED
Lewis Cliff 88102,-84.25259,161.36945,10.9,1988.0,Chondrite — Ordinary
Camel Donga 024,-30.09867,126.8855,0.65,1994.0,Chondrite — Ordinary
Meteorite Hills 00653,-79.68333,155.75,16.99,2000.0,Chondrite — Ordinary
Asuka 881861,-72.0,26.0,317.16,1988.0,Chondrite — Ordinary
Acfer 353,27.48917,3.89,11935.0,2001.0,Achondrite — HED
Clarendon (a),34.905,-100.91333,1964.0,1979.0,Chondrite — Ordinary
Yamato 790335,-71.5,35.66667,9.98,1979.0,Chondrite — Ordinary
Allan Hills 84017,-76.88322,158.662,79.8,1984.0,Achondrite — Primitive/Other
Miller Range 090691,0.0,0.0,73.9,2009.0,Chondrite — Ordinary
Pampa de Mejillones 012,-23.16222,-70.43633,360.0,2006.0,Chondrite — Ordinary
Grove Mountains 053494,-72.778889,75.316667,11.94,2006.0,Chondrite — Ordinary
Reckling Peak A80205,-76.20733,158.49357,53.8,1980.0,Chondrite — Ordinary
Allan Hills A81119,-76.71728,158.71375,107.4,1981.0,Chondrite — Ordinary
Nurina 003,-30.78333,126.45,40.0,1986.0,Chondrite — Ordinary
Dhofar 680,19.2933,54.6873,69.0,2001.0,Chondrite — Ordinary
Pecora Escarpment 91034,-85.68851,-69.01713,341.0,1991.0,Chondrite — Ordinary
Elephant Moraine 90206,-76.28591,156.49551,25.6,1990.0,Chondrite — Ordinary
Jiddat al Harasis 348,19.53367,55.11883,18.4,2006.0,Achondrite — Lunar
Sayh al Uhaymir 504,20.38333,56.76667,20000.0,2010.0,Chondrite — Ordinary
Meteorite Hills 001046,-79.68333,159.75,6.6,2000.0,Chondrite — Ordinary
Yamato 791468,-71.5,35.66667,11.29,1979.0,Chondrite — Ordinary
Northwest Africa 5964,0.0,0.0,105.0,2004.0,Chondrite — Ordinary
Yamato 790407,-71.5,35.66667,13.98,1979.0,Chondrite — Ordinary
Northwest Africa 3245,0.0,0.0,647.0,2006.0,Chondrite — Ordinary
Gobabeb,-23.55,15.03333,27000.0,1969.0,Chondrite — Ordinary
Dominion Range 10591,0.0,0.0,39.2,2010.0,Chondrite — Ordinary
Pecora Escarpment 91185,-85.67738,-68.67116,11.5,1991.0,Chondrite — Ordinary
Dominion Range 10484,0.0,0.0,5.9,2010.0,Chondrite — Ordinary
LaPaz Icefield 02254,-86.36667,-70.0,114.6,2002.0,Chondrite — Ordinary
Grove Mountains 022261,-72.77889,75.31111,2.44,2003.0,Chondrite — Ordinary
Frontier Mountain 01023,-72.9875,160.40056,3.3,2001.0,Chondrite — Ordinary
Queen Alexandra Range 97969,-84.0,168.0,4.1,1997.0,Chondrite — Ordinary
Miller Range 090718,0.0,0.0,1.3,2009.0,Chondrite — Ordinary
Asuka 881254,-72.0,26.0,23.91,1988.0,Chondrite — Ordinary
Yamato 86796,-71.5,35.66667,6140.0,1986.0,Chondrite — Ordinary
Lewis Cliff 88171,-84.23933,161.44384,21.4,1988.0,Chondrite — Ordinary
Dhofar 421,18.77178,54.22735,337.0,2001.0,Chondrite — Ordinary
Acfer 094,27.73333,4.43333,82.0,1990.0,Chondrite — Carbonaceous
Miller Range 090977,0.0,0.0,3.4,2009.0,Chondrite — Ordinary
Miller Range 090543,0.0,0.0,4.8,2009.0,Chondrite — Carbonaceous
Yamato 793011,-71.5,35.66667,1.67,1979.0,Chondrite — Enstatite
Lewis Cliff 88635,-84.27148,161.40633,18.7,1988.0,Chondrite — Ordinary
Asuka 882028,-72.0,26.0,10.17,1988.0,Chondrite — Ordinary
Queen Alexandra Range 94724,-84.0,168.0,2.9,1994.0,Chondrite — Ordinary
Lucerne Valley 042,34.48595,-116.9637,2.17,2004.0,Chondrite — Ordinary
Dar al Gani 392,27.42383,16.34,718.0,1997.0,Chondrite — Ordinary
Yamato 791743,-71.5,35.66667,16.63,1979.0,Chondrite — Ordinary
Yamato 793062,-71.5,35.66667,0.67,1979.0,Chondrite — Enstatite
Queen Alexandra Range 93624,-84.0,168.0,2.6,1993.0,Chondrite — Ordinary
Allan Hills 85019,-76.91508,156.53178,632.8,1985.0,Chondrite — Ordinary
Pecora Escarpment 91329,-85.6767,-69.08265,8.5,1991.0,Chondrite — Ordinary
Yamato 982981,0.0,0.0,9.86,1998.0,Chondrite — Ordinary
Yamato 793584,-71.5,35.66667,21.56,1979.0,Chondrite — Ordinary
Miller Range 090815,0.0,0.0,1.7,2009.0,Chondrite — Ordinary
Hammadah al Hamra 303,28.54083,13.39917,1016.0,2000.0,Chondrite — Ordinary
Yamato 74001,-71.83611,36.27222,246.1,1974.0,Chondrite — Ordinary
Finmarken,70.0,24.0,78300.0,1902.0,Stony-iron
Yamato 86043,-71.5,35.66667,2.2,1986.0,Chondrite — Ordinary
Queen Alexandra Range 94509,-84.0,168.0,3.5,1994.0,Chondrite — Ordinary
Lewis Cliff 88016,-84.25098,161.40332,308.0,1988.0,Chondrite — Ordinary
Yamato 82018,-71.5,35.66667,3.68,1982.0,Chondrite — Ordinary
Yamato 792560,-71.5,35.66667,9.14,1979.0,Chondrite — Ordinary
Dhofar 1430,18.56944,54.24,134.0,2006.0,Chondrite — Carbonaceous
Asuka 881645,-72.0,26.0,166.52,1988.0,Chondrite — Ordinary
Biduna Blowhole 003,-31.01964,131.30394,0.4,2011.0,Chondrite — Ordinary
Dhofar 056,19.14783,54.77517,37.0,1999.0,Chondrite — Ordinary
Grove Mountains 022835,-72.77361,75.33917,1.08,2003.0,Achondrite — Primitive/Other
Sayh al Uhaymir 410,20.91212,56.84697,455.7,2005.0,Chondrite — Ordinary
Richfield,37.22222,-101.68139,40800.0,1983.0,Chondrite — Ordinary
Dar al Gani 765,26.94167,16.566,194.0,1999.0,Chondrite — Ordinary
Lewis Cliff 88449,-84.2509,161.43148,1.7,1988.0,Chondrite — Ordinary
Asuka 881208,-72.0,26.0,344.69,1988.0,Chondrite — Ordinary
Dominion Range 08192,0.0,0.0,23.3,2008.0,Chondrite — Ordinary
Queen Alexandra Range 93635,-84.0,168.0,4.4,1993.0,Chondrite — Ordinary
Grove Mountains 020077,-72.99444,75.205,1.31,2003.0,Chondrite — Ordinary
Elephant Moraine 87535,-76.27512,156.36181,1230.8,1987.0,Chondrite — Ordinary
Miller Range 07378,0.0,0.0,13.5,2007.0,Chondrite — Ordinary
Yamato 982379,0.0,0.0,25.06,1998.0,Chondrite — Ordinary
Elephant Moraine 83343,-76.29972,157.20333,125.1,1983.0,Chondrite — Ordinary
Queen Alexandra Range 94432,-84.0,168.0,1.6,1994.0,Chondrite — Ordinary
Patuxent Range 10225,0.0,0.0,4.3,2010.0,Chondrite — Ordinary
Coyote Dry Lake 164,35.05835,-116.77403,43.0,2002.0,Chondrite — Ordinary
Yamato 792748,-71.5,35.66667,6.37,1979.0,Chondrite — Ordinary
Northwest Africa 1578,31.6,-4.38333,1549.0,2001.0,Chondrite — Ordinary
Yamato 86495,-71.5,35.66667,2.57,1986.0,Chondrite — Ordinary
Grove Mountains 020054,-73.01611,75.18611,2.16,2003.0,Chondrite — Ordinary
Miller Range 090253,0.0,0.0,5.1,2009.0,Chondrite — Ordinary
Allan Hills 85061,-76.84217,156.39145,2.0,1985.0,Chondrite — Ordinary
Dhofar 814,18.9622,54.59012,99.81,2001.0,Chondrite — Ordinary
Yamato 86727,-71.5,35.66667,1.43,1986.0,Chondrite — Ordinary
Yamato 792867,-71.5,35.66667,20.96,1979.0,Chondrite — Ordinary
Queen Alexandra Range 97370,-84.0,168.0,1.3,1997.0,Chondrite — Ordinary
Yamato 792766,-71.5,35.66667,20.6,1979.0,Chondrite — Ordinary
Yamato 983543,0.0,0.0,11.25,1998.0,Chondrite — Ordinary
Meteorite Hills 00729,-79.68333,155.75,2.61,2000.0,Chondrite — Ordinary
Grove Mountains 023243,-72.77361,75.32,1.73,2003.0,Chondrite — Ordinary
Lewis Cliff 93854,-84.27394,161.68329,31.1,1993.0,Chondrite — Ordinary
Grosvenor Mountains 95566,-85.66667,175.0,50.7,1995.0,Chondrite — Carbonaceous
Yamato 983820,0.0,0.0,7.22,1998.0,Chondrite — Ordinary
Yamato 86686,-71.5,35.66667,26.99,1986.0,Chondrite — Carbonaceous
Elephant Moraine 90641,-76.27051,156.42509,1.4,1990.0,Chondrite — Ordinary
Queen Alexandra Range 93088,-84.63075,162.5255,2.1,1993.0,Chondrite — Ordinary
Meteorite Hills 00469,-79.68333,155.75,273.0,2000.0,Chondrite — Ordinary
Miller Range 090238,0.0,0.0,71.3,2009.0,Chondrite — Ordinary
Pecora Escarpment 91007,-85.68159,-68.77815,223.6,1991.0,Achondrite — HED
Queen Alexandra Range 97813,-84.0,168.0,11.7,1997.0,Chondrite — Ordinary
Elephant Moraine 92168,-76.0467,156.02325,17.7,1992.0,Chondrite — Carbonaceous
Asuka 880789,-72.0,26.0,61.55,1988.0,Chondrite — Ordinary
Apoala,17.7,-97.0,85000.0,1889.0,Iron meteorite
Elephant Moraine 90811,-76.2826,156.4618,6.1,1990.0,Chondrite — Ordinary
Maricopa,33.25,-112.05,50.0,1980.0,Chondrite — Ordinary
Elephant Moraine 90469,-76.27116,156.42168,48.5,1990.0,Chondrite — Ordinary
Grove Mountains 053168,-72.77472,75.34,3.38,2006.0,Chondrite — Ordinary
Miller Range 090123,0.0,0.0,248.4,2009.0,Chondrite — Ordinary
Northwest Africa 7313,0.0,0.0,777.0,2012.0,Chondrite — Ordinary
Miller Range 07681,0.0,0.0,20.7,2007.0,Chondrite — Carbonaceous
Frontier Mountain 90209,-72.95488,160.47328,1.67,1990.0,Chondrite — Ordinary
Dhofar 1669,18.425,54.158,3.3,2010.0,Achondrite — Lunar
Jiddat al Harasis 124,19.8,54.8,1414.0,2001.0,Chondrite — Ordinary
Dhofar 990,19.25317,54.83617,165.3,2004.0,Chondrite — Ordinary
Sleeper Camp 002,-30.48333,126.25,39.5,1966.0,Iron meteorite
Yamato 982226,0.0,0.0,6.31,1998.0,Chondrite — Ordinary
Yamato 74646,-71.67917,35.97778,554.7,1974.0,Chondrite — Ordinary
Dominion Range 10515,0.0,0.0,23.9,2010.0,Chondrite — Ordinary
Yamato 791945,-71.5,35.66667,1.54,1979.0,Chondrite — Ordinary
Frontier Mountain 01069,-72.99,160.40639,5.4,2001.0,Chondrite — Ordinary
Grove Mountains 051236,-72.98389,75.24556,0.51,2006.0,Chondrite — Ordinary
Yamato 75231,-71.5,35.66667,1.9,1975.0,Chondrite — Ordinary
Miller Range 090397,0.0,0.0,0.6,2009.0,Chondrite — Ordinary
Jiddat al Harasis 514,19.52662,55.19542,20.2,2008.0,Chondrite — Enstatite
Queen Alexandra Range 99210,-84.0,168.0,8.6,1999.0,Chondrite — Ordinary
Elephant Moraine 96162,-76.18333,157.16667,16.1,1996.0,Chondrite — Ordinary
Haxtun,40.45667,-102.57834,15500.0,1975.0,Chondrite — Ordinary
Allan Hills 84056,-76.71667,159.66667,2140.3,1984.0,Chondrite — Ordinary
Tlacotepec,18.65,-97.55,71000.0,1903.0,Iron meteorite
Allan Hills A77042,-76.71667,159.66667,20.4,1977.0,Chondrite — Ordinary
Elephant Moraine 90061,-76.26754,156.45027,10.1,1990.0,Chondrite — Ordinary
Reckling Peak A80229,-76.20775,158.49356,14.1,1980.0,Stony-iron
Grove Mountains 020074,-72.99583,75.20972,1.48,2003.0,Chondrite — Ordinary
Yamato 981522,0.0,0.0,37.07,1998.0,Chondrite — Ordinary
Lewis Cliff 88213,-84.24708,161.3911,34.3,1988.0,Chondrite — Ordinary
Asuka 881880,-72.0,26.0,72.03,1988.0,Chondrite — Ordinary
Miller Range 090327,0.0,0.0,4.2,2009.0,Chondrite — Carbonaceous
Queen Alexandra Range 94338,-84.0,168.0,4.3,1994.0,Chondrite — Ordinary
Yamato 791664,-71.5,35.66667,45.54,1979.0,Chondrite — Ordinary
Lewis Cliff 88366,-84.25306,161.42748,3.6,1988.0,Chondrite — Ordinary
Dhofar 463,18.2468,54.00242,24.3,2001.0,Achondrite — Lunar
Yamato 790591,-71.5,35.66667,12.58,1979.0,Chondrite — Ordinary
Jiddat al Harasis 256,19.99097,56.34302,3040.5,2005.0,Chondrite — Ordinary
Northwest Africa 458,26.784,-12.8335,387.0,2001.0,Chondrite — Ordinary
Grove Mountains 090332,-72.82531,75.35544,83.13,2010.0,Chondrite — Ordinary
Buckley Island 10948,0.0,0.0,41.6,2010.0,Chondrite — Ordinary
Lewis Cliff 86534,-84.24792,161.53479,89.3,1986.0,Chondrite — Ordinary
Yamato 74594,0.0,35.66667,1.69,1974.0,Chondrite — Ordinary
Queen Alexandra Range 93114,-84.57568,162.56742,2.1,1993.0,Chondrite — Ordinary
Acfer 147,27.6,4.11667,140.0,1990.0,Chondrite — Ordinary
Miller Range 090829,0.0,0.0,1.9,2009.0,Chondrite — Ordinary
Yamato 790738,-71.5,35.66667,153.04,1979.0,Chondrite — Ordinary
Queen Alexandra Range 97063,-84.0,168.0,32.0,1997.0,Chondrite — Ordinary
Ramlat al Wahibah 017,21.1584,58.38922,70.12,2006.0,Chondrite — Ordinary
Shalim 007,18.52632,55.93298,323.85,1998.0,Chondrite — Ordinary
Yamato 981963,0.0,0.0,85.59,1998.0,Chondrite — Ordinary
Tanezrouft 070,25.58333,0.4,240.0,2002.0,Chondrite — Ordinary
Grove Mountains 052786,-72.77528,75.33861,67.46,2006.0,Chondrite — Ordinary
Hammadah al Hamra 329,29.21133,11.89867,121.0,1999.0,Chondrite — Ordinary
Yamato 793007,-71.5,35.66667,1.07,1979.0,Chondrite — Enstatite
Yamato 791800,-71.5,35.66667,12.17,1979.0,Chondrite — Ordinary
Miller Range 090571,0.0,0.0,6.2,2009.0,Chondrite — Ordinary
Allan Hills 84259,-76.7137,158.78281,23.1,1984.0,Chondrite — Ordinary
Queen Alexandra Range 94209,-84.0,168.0,1585.0,1994.0,Chondrite — Ordinary
Asuka 87104,-72.0,26.0,86.71,1987.0,Chondrite — Ordinary
Grove Mountains 053167,-72.77472,75.34,3.12,2006.0,Chondrite — Ordinary
Allan Hills A81072,-76.69778,159.3975,3.2,1981.0,Chondrite — Ordinary
Lewis Cliff 88745,-84.28433,161.3873,18.3,1988.0,Chondrite — Ordinary
